record_id,record_date,product_code,stock_count
1,2026-04-06,1,36
2,2026-04-06,2,17
3,2026-04-06,3,21
4,2026-04-06,4,20
5,2026-04-06,5,39
6,2026-04-06,6,39
7,2026-04-06,7,43
8,2026-04-06,8,19
9,2026-04-06,9,23
10,2026-04-06,10,24
11,2026-04-06,11,19
12,2026-04-06,12,17
13,2026-04-06,13,9
14,2026-04-06,14,11
15,2026-04-06,15,33
16,2026-04-06,16,21
17,2026-04-06,17,19
18,2026-04-06,18,21
19,2026-04-06,19,31
20,2026-04-06,20,13
21,2026-04-06,21,44
22,2026-04-06,22,43
23,2026-04-06,23,23
24,2026-04-06,24,10
25,2026-04-06,25,23
26,2026-04-06,26,23
27,2026-04-06,27,16
28,2026-04-06,28,18
29,2026-04-06,29,43
30,2026-04-06,30,19
31,2026-04-06,31,31
32,2026-04-06,32,27
33,2026-04-06,33,16
34,2026-04-06,34,46
35,2026-04-06,35,25
36,2026-04-06,36,20
37,2026-04-06,37,43
38,2026-04-06,38,43
39,2026-04-06,39,46
40,2026-04-06,40,21
41,2026-04-06,41,25
42,2026-04-06,42,24
43,2026-04-06,43,23
44,2026-04-06,44,24
45,2026-04-06,45,23
46,2026-04-06,46,21
47,2026-04-06,47,23
48,2026-04-06,48,20
49,2026-04-07,1,31
50,2026-04-07,2,15
51,2026-04-07,3,19
52,2026-04-07,4,19
53,2026-04-07,5,34
54,2026-04-07,6,35
55,2026-04-07,7,42
56,2026-04-07,8,17
57,2026-04-07,9,23
58,2026-04-07,10,23
59,2026-04-07,11,19
60,2026-04-07,12,17
61,2026-04-07,13,7
62,2026-04-07,14,9
63,2026-04-07,15,27
64,2026-04-07,16,20
65,2026-04-07,17,16
66,2026-04-07,18,15
67,2026-04-07,19,25
68,2026-04-07,20,12
69,2026-04-07,21,37
70,2026-04-07,22,43
71,2026-04-07,23,23
72,2026-04-07,24,10
73,2026-04-07,25,19
74,2026-04-07,26,20
75,2026-04-07,27,13
76,2026-04-07,28,18
77,2026-04-07,29,37
78,2026-04-07,30,17
79,2026-04-07,31,25
80,2026-04-07,32,23
81,2026-04-07,33,15
82,2026-04-07,34,42
83,2026-04-07,35,19
84,2026-04-07,36,20
85,2026-04-07,37,38
86,2026-04-07,38,39
87,2026-04-07,39,39
88,2026-04-07,40,21
89,2026-04-07,41,22
90,2026-04-07,42,24
91,2026-04-07,43,22
92,2026-04-07,44,23
93,2026-04-07,45,22
94,2026-04-07,46,21
95,2026-04-07,47,21
96,2026-04-07,48,19
97,2026-04-08,1,29
98,2026-04-08,2,15
99,2026-04-08,3,16
100,2026-04-08,4,14
101,2026-04-08,5,29
102,2026-04-08,6,34
103,2026-04-08,7,38
104,2026-04-08,8,17
105,2026-04-08,9,23
106,2026-04-08,10,23
107,2026-04-08,11,19
108,2026-04-08,12,16
109,2026-04-08,13,7
110,2026-04-08,14,7
111,2026-04-08,15,25
112,2026-04-08,16,20
113,2026-04-08,17,15
114,2026-04-08,18,11
115,2026-04-08,19,25
116,2026-04-08,20,12
117,2026-04-08,21,31
118,2026-04-08,22,42
119,2026-04-08,23,22
120,2026-04-08,24,10
121,2026-04-08,25,17
122,2026-04-08,26,19
123,2026-04-08,27,12
124,2026-04-08,28,17
125,2026-04-08,29,37
126,2026-04-08,30,16
127,2026-04-08,31,24
128,2026-04-08,32,22
129,2026-04-08,33,15
130,2026-04-08,34,38
131,2026-04-08,35,19
132,2026-04-08,36,20
133,2026-04-08,37,34
134,2026-04-08,38,36
135,2026-04-08,39,39
136,2026-04-08,40,21
137,2026-04-08,41,22
138,2026-04-08,42,24
139,2026-04-08,43,22
140,2026-04-08,44,23
141,2026-04-08,45,20
142,2026-04-08,46,19
143,2026-04-08,47,19
144,2026-04-08,48,19
145,2026-04-09,1,24
146,2026-04-09,2,13
147,2026-04-09,3,13
148,2026-04-09,4,10
149,2026-04-09,5,25
150,2026-04-09,6,25
151,2026-04-09,7,32
152,2026-04-09,8,15
153,2026-04-09,9,23
154,2026-04-09,10,22
155,2026-04-09,11,18
156,2026-04-09,12,15
157,2026-04-09,13,7
158,2026-04-09,14,5
159,2026-04-09,15,25
160,2026-04-09,16,19
161,2026-04-09,17,12
162,2026-04-09,18,8
163,2026-04-09,19,22
164,2026-04-09,20,10
165,2026-04-09,21,26
166,2026-04-09,22,41
167,2026-04-09,23,20
168,2026-04-09,24,10
169,2026-04-09,25,13
170,2026-04-09,26,18
171,2026-04-09,27,11
172,2026-04-09,28,17
173,2026-04-09,29,32
174,2026-04-09,30,11
175,2026-04-09,31,23
176,2026-04-09,32,18
177,2026-04-09,33,14
178,2026-04-09,34,34
179,2026-04-09,35,15
180,2026-04-09,36,19
181,2026-04-09,37,27
182,2026-04-09,38,34
183,2026-04-09,39,37
184,2026-04-09,40,19
185,2026-04-09,41,19
186,2026-04-09,42,22
187,2026-04-09,43,21
188,2026-04-09,44,22
189,2026-04-09,45,16
190,2026-04-09,46,18
191,2026-04-09,47,17
192,2026-04-09,48,18
193,2026-04-10,1,20
194,2026-04-10,2,13
195,2026-04-10,3,12
196,2026-04-10,4,10
197,2026-04-10,5,23
198,2026-04-10,6,20
199,2026-04-10,7,28
200,2026-04-10,8,13
201,2026-04-10,9,23
202,2026-04-10,10,22
203,2026-04-10,11,18
204,2026-04-10,12,13
205,2026-04-10,13,6
206,2026-04-10,14,2
207,2026-04-10,15,22
208,2026-04-10,16,16
209,2026-04-10,17,11
210,2026-04-10,18,6
211,2026-04-10,19,21
212,2026-04-10,20,8
213,2026-04-10,21,23
214,2026-04-10,22,40
215,2026-04-10,23,19
216,2026-04-10,24,10
217,2026-04-10,25,10
218,2026-04-10,26,15
219,2026-04-10,27,11
220,2026-04-10,28,15
221,2026-04-10,29,26
222,2026-04-10,30,8
223,2026-04-10,31,21
224,2026-04-10,32,15
225,2026-04-10,33,13
226,2026-04-10,34,31
227,2026-04-10,35,14
228,2026-04-10,36,18
229,2026-04-10,37,26
230,2026-04-10,38,30
231,2026-04-10,39,34
232,2026-04-10,40,16
233,2026-04-10,41,17
234,2026-04-10,42,22
235,2026-04-10,43,21
236,2026-04-10,44,21
237,2026-04-10,45,14
238,2026-04-10,46,14
239,2026-04-10,47,17
240,2026-04-10,48,17
241,2026-04-13,1,17
242,2026-04-13,2,8
243,2026-04-13,3,7
244,2026-04-13,4,7
245,2026-04-13,5,19
246,2026-04-13,6,14
247,2026-04-13,7,26
248,2026-04-13,8,11
249,2026-04-13,9,23
250,2026-04-13,10,21
251,2026-04-13,11,16
252,2026-04-13,12,11
253,2026-04-13,13,5
254,2026-04-13,14,0
255,2026-04-13,15,16
256,2026-04-13,16,11
257,2026-04-13,17,9
258,2026-04-13,18,0
259,2026-04-13,19,18
260,2026-04-13,20,6
261,2026-04-13,21,15
262,2026-04-13,22,35
263,2026-04-13,23,12
264,2026-04-13,24,10
265,2026-04-13,25,3
266,2026-04-13,26,14
267,2026-04-13,27,8
268,2026-04-13,28,15
269,2026-04-13,29,19
270,2026-04-13,30,6
271,2026-04-13,31,15
272,2026-04-13,32,13
273,2026-04-13,33,11
274,2026-04-13,34,22
275,2026-04-13,35,13
276,2026-04-13,36,15
277,2026-04-13,37,23
278,2026-04-13,38,28
279,2026-04-13,39,29
280,2026-04-13,40,15
281,2026-04-13,41,15
282,2026-04-13,42,22
283,2026-04-13,43,21
284,2026-04-13,44,20
285,2026-04-13,45,14
286,2026-04-13,46,12
287,2026-04-13,47,16
288,2026-04-13,48,12
289,2026-04-14,1,14
290,2026-04-14,2,5
291,2026-04-14,3,6
292,2026-04-14,4,4
293,2026-04-14,5,17
294,2026-04-14,6,12
295,2026-04-14,7,19
296,2026-04-14,8,6
297,2026-04-14,9,23
298,2026-04-14,10,21
299,2026-04-14,11,15
300,2026-04-14,12,10
301,2026-04-14,13,5
302,2026-04-14,14,0
303,2026-04-14,15,13
304,2026-04-14,16,10
305,2026-04-14,17,6
306,2026-04-14,18,0
307,2026-04-14,19,11
308,2026-04-14,20,5
309,2026-04-14,21,11
310,2026-04-14,22,27
311,2026-04-14,23,10
312,2026-04-14,24,10
313,2026-04-14,25,1
314,2026-04-14,26,14
315,2026-04-14,27,5
316,2026-04-14,28,14
317,2026-04-14,29,14
318,2026-04-14,30,4
319,2026-04-14,31,14
320,2026-04-14,32,9
321,2026-04-14,33,10
322,2026-04-14,34,17
323,2026-04-14,35,12
324,2026-04-14,36,14
325,2026-04-14,37,23
326,2026-04-14,38,26
327,2026-04-14,39,27
328,2026-04-14,40,13
329,2026-04-14,41,11
330,2026-04-14,42,21
331,2026-04-14,43,21
332,2026-04-14,44,17
333,2026-04-14,45,12
334,2026-04-14,46,12
335,2026-04-14,47,14
336,2026-04-14,48,10
337,2026-04-15,1,11
338,2026-04-15,2,5
339,2026-04-15,3,5
340,2026-04-15,4,3
341,2026-04-15,5,16
342,2026-04-15,6,7
343,2026-04-15,7,18
344,2026-04-15,8,6
345,2026-04-15,9,23
346,2026-04-15,10,19
347,2026-04-15,11,13
348,2026-04-15,12,9
349,2026-04-15,13,4
350,2026-04-15,14,0
351,2026-04-15,15,11
352,2026-04-15,16,10
353,2026-04-15,17,5
354,2026-04-15,18,0
355,2026-04-15,19,10
356,2026-04-15,20,4
357,2026-04-15,21,10
358,2026-04-15,22,23
359,2026-04-15,23,8
360,2026-04-15,24,10
361,2026-04-15,25,0
362,2026-04-15,26,13
363,2026-04-15,27,5
364,2026-04-15,28,14
365,2026-04-15,29,10
366,2026-04-15,30,3
367,2026-04-15,31,12
368,2026-04-15,32,8
369,2026-04-15,33,9
370,2026-04-15,34,14
371,2026-04-15,35,12
372,2026-04-15,36,13
373,2026-04-15,37,18
374,2026-04-15,38,26
375,2026-04-15,39,23
376,2026-04-15,40,11
377,2026-04-15,41,6
378,2026-04-15,42,21
379,2026-04-15,43,20
380,2026-04-15,44,17
381,2026-04-15,45,12
382,2026-04-15,46,12
383,2026-04-15,47,14
384,2026-04-15,48,8
385,2026-04-16,1,10
386,2026-04-16,2,4
387,2026-04-16,3,2
388,2026-04-16,4,1
389,2026-04-16,5,11
390,2026-04-16,6,3
391,2026-04-16,7,12
392,2026-04-16,8,2
393,2026-04-16,9,23
394,2026-04-16,10,18
395,2026-04-16,11,10
396,2026-04-16,12,8
397,2026-04-16,13,3
398,2026-04-16,14,0
399,2026-04-16,15,5
400,2026-04-16,16,7
401,2026-04-16,17,4
402,2026-04-16,18,0
403,2026-04-16,19,7
404,2026-04-16,20,4
405,2026-04-16,21,3
406,2026-04-16,22,20
407,2026-04-16,23,8
408,2026-04-16,24,10
409,2026-04-16,25,0
410,2026-04-16,26,12
411,2026-04-16,27,5
412,2026-04-16,28,12
413,2026-04-16,29,7
414,2026-04-16,30,1
415,2026-04-16,31,9
416,2026-04-16,32,6
417,2026-04-16,33,9
418,2026-04-16,34,6
419,2026-04-16,35,12
420,2026-04-16,36,12
421,2026-04-16,37,13
422,2026-04-16,38,22
423,2026-04-16,39,17
424,2026-04-16,40,11
425,2026-04-16,41,5
426,2026-04-16,42,20
427,2026-04-16,43,18
428,2026-04-16,44,16
429,2026-04-16,45,9
430,2026-04-16,46,12
431,2026-04-16,47,10
432,2026-04-16,48,3
433,2026-04-17,1,9
434,2026-04-17,2,2
435,2026-04-17,3,1
436,2026-04-17,4,0
437,2026-04-17,5,8
438,2026-04-17,6,3
439,2026-04-17,7,6
440,2026-04-17,8,1
441,2026-04-17,9,23
442,2026-04-17,10,16
443,2026-04-17,11,8
444,2026-04-17,12,8
445,2026-04-17,13,2
446,2026-04-17,14,0
447,2026-04-17,15,1
448,2026-04-17,16,5
449,2026-04-17,17,4
450,2026-04-17,18,0
451,2026-04-17,19,7
452,2026-04-17,20,3
453,2026-04-17,21,1
454,2026-04-17,22,19
455,2026-04-17,23,7
456,2026-04-17,24,9
457,2026-04-17,25,0
458,2026-04-17,26,9
459,2026-04-17,27,5
460,2026-04-17,28,10
461,2026-04-17,29,6
462,2026-04-17,30,0
463,2026-04-17,31,7
464,2026-04-17,32,5
465,2026-04-17,33,8
466,2026-04-17,34,1
467,2026-04-17,35,9
468,2026-04-17,36,10
469,2026-04-17,37,9
470,2026-04-17,38,19
471,2026-04-17,39,14
472,2026-04-17,40,11
473,2026-04-17,41,5
474,2026-04-17,42,20
475,2026-04-17,43,18
476,2026-04-17,44,15
477,2026-04-17,45,6
478,2026-04-17,46,10
479,2026-04-17,47,10
480,2026-04-17,48,2
481,2026-04-20,1,3
482,2026-04-20,2,20
483,2026-04-20,3,25
484,2026-04-20,4,20
485,2026-04-20,5,46
486,2026-04-20,6,45
487,2026-04-20,7,47
488,2026-04-20,8,19
489,2026-04-20,9,23
490,2026-04-20,10,15
491,2026-04-20,11,5
492,2026-04-20,12,6
493,2026-04-20,13,11
494,2026-04-20,14,13
495,2026-04-20,15,37
496,2026-04-20,16,29
497,2026-04-20,17,21
498,2026-04-20,18,19
499,2026-04-20,19,38
500,2026-04-20,20,16
501,2026-04-20,21,42
502,2026-04-20,22,17
503,2026-04-20,23,7
504,2026-04-20,24,8
505,2026-04-20,25,22
506,2026-04-20,26,5
507,2026-04-20,27,1
508,2026-04-20,28,5
509,2026-04-20,29,49
510,2026-04-20,30,21
511,2026-04-20,31,39
512,2026-04-20,32,33
513,2026-04-20,33,7
514,2026-04-20,34,49
515,2026-04-20,35,6
516,2026-04-20,36,9
517,2026-04-20,37,49
518,2026-04-20,38,15
519,2026-04-20,39,7
520,2026-04-20,40,9
521,2026-04-20,41,28
522,2026-04-20,42,20
523,2026-04-20,43,18
524,2026-04-20,44,14
525,2026-04-20,45,3
526,2026-04-20,46,7
527,2026-04-20,47,8
528,2026-04-20,48,24
529,2026-04-21,1,2
530,2026-04-21,2,18
531,2026-04-21,3,22
532,2026-04-21,4,16
533,2026-04-21,5,39
534,2026-04-21,6,37
535,2026-04-21,7,41
536,2026-04-21,8,16
537,2026-04-21,9,23
538,2026-04-21,10,15
539,2026-04-21,11,4
540,2026-04-21,12,6
541,2026-04-21,13,9
542,2026-04-21,14,12
543,2026-04-21,15,31
544,2026-04-21,16,28
545,2026-04-21,17,20
546,2026-04-21,18,16
547,2026-04-21,19,37
548,2026-04-21,20,14
549,2026-04-21,21,39
550,2026-04-21,22,14
551,2026-04-21,23,5
552,2026-04-21,24,8
553,2026-04-21,25,21
554,2026-04-21,26,1
555,2026-04-21,27,0
556,2026-04-21,28,2
557,2026-04-21,29,45
558,2026-04-21,30,18
559,2026-04-21,31,37
560,2026-04-21,32,31
561,2026-04-21,33,5
562,2026-04-21,34,44
563,2026-04-21,35,2
564,2026-04-21,36,8
565,2026-04-21,37,45
566,2026-04-21,38,8
567,2026-04-21,39,0
568,2026-04-21,40,6
569,2026-04-21,41,28
570,2026-04-21,42,20
571,2026-04-21,43,18
572,2026-04-21,44,13
573,2026-04-21,45,1
574,2026-04-21,46,6
575,2026-04-21,47,6
576,2026-04-21,48,20
577,2026-04-22,1,1
578,2026-04-22,2,18
579,2026-04-22,3,20
580,2026-04-22,4,14
581,2026-04-22,5,37
582,2026-04-22,6,34
583,2026-04-22,7,38
584,2026-04-22,8,16
585,2026-04-22,9,23
586,2026-04-22,10,14
587,2026-04-22,11,4
588,2026-04-22,12,6
589,2026-04-22,13,6
590,2026-04-22,14,11
591,2026-04-22,15,26
592,2026-04-22,16,28
593,2026-04-22,17,20
594,2026-04-22,18,13
595,2026-04-22,19,32
596,2026-04-22,20,14
597,2026-04-22,21,38
598,2026-04-22,22,11
599,2026-04-22,23,4
600,2026-04-22,24,8
601,2026-04-22,25,18
602,2026-04-22,26,0
603,2026-04-22,27,0
604,2026-04-22,28,1
605,2026-04-22,29,41
606,2026-04-22,30,17
607,2026-04-22,31,35
608,2026-04-22,32,29
609,2026-04-22,33,5
610,2026-04-22,34,41
611,2026-04-22,35,0
612,2026-04-22,36,8
613,2026-04-22,37,43
614,2026-04-22,38,6
615,2026-04-22,39,0
616,2026-04-22,40,4
617,2026-04-22,41,26
618,2026-04-22,42,18
619,2026-04-22,43,18
620,2026-04-22,44,13
621,2026-04-22,45,0
622,2026-04-22,46,3
623,2026-04-22,47,5
624,2026-04-22,48,20
625,2026-04-23,1,0
626,2026-04-23,2,17
627,2026-04-23,3,16
628,2026-04-23,4,14
629,2026-04-23,5,36
630,2026-04-23,6,31
631,2026-04-23,7,33
632,2026-04-23,8,16
633,2026-04-23,9,23
634,2026-04-23,10,12
635,2026-04-23,11,3
636,2026-04-23,12,3
637,2026-04-23,13,4
638,2026-04-23,14,9
639,2026-04-23,15,24
640,2026-04-23,16,28
641,2026-04-23,17,20
642,2026-04-23,18,8
643,2026-04-23,19,31
644,2026-04-23,20,14
645,2026-04-23,21,34
646,2026-04-23,22,8
647,2026-04-23,23,1
648,2026-04-23,24,6
649,2026-04-23,25,18
650,2026-04-23,26,0
651,2026-04-23,27,0
652,2026-04-23,28,0
653,2026-04-23,29,36
654,2026-04-23,30,12
655,2026-04-23,31,35
656,2026-04-23,32,26
657,2026-04-23,33,2
658,2026-04-23,34,37
659,2026-04-23,35,0
660,2026-04-23,36,7
661,2026-04-23,37,43
662,2026-04-23,38,4
663,2026-04-23,39,0
664,2026-04-23,40,3
665,2026-04-23,41,25
666,2026-04-23,42,17
667,2026-04-23,43,18
668,2026-04-23,44,13
669,2026-04-23,45,0
670,2026-04-23,46,0
671,2026-04-23,47,4
672,2026-04-23,48,18
673,2026-04-24,1,0
674,2026-04-24,2,17
675,2026-04-24,3,15
676,2026-04-24,4,12
677,2026-04-24,5,35
678,2026-04-24,6,27
679,2026-04-24,7,29
680,2026-04-24,8,16
681,2026-04-24,9,22
682,2026-04-24,10,12
683,2026-04-24,11,1
684,2026-04-24,12,2
685,2026-04-24,13,4
686,2026-04-24,14,9
687,2026-04-24,15,21
688,2026-04-24,16,26
689,2026-04-24,17,19
690,2026-04-24,18,5
691,2026-04-24,19,28
692,2026-04-24,20,14
693,2026-04-24,21,31
694,2026-04-24,22,6
695,2026-04-24,23,0
696,2026-04-24,24,6
697,2026-04-24,25,14
698,2026-04-24,26,0
699,2026-04-24,27,0
700,2026-04-24,28,0
701,2026-04-24,29,30
702,2026-04-24,30,11
703,2026-04-24,31,32
704,2026-04-24,32,24
705,2026-04-24,33,1
706,2026-04-24,34,37
707,2026-04-24,35,0
708,2026-04-24,36,7
709,2026-04-24,37,41
710,2026-04-24,38,4
711,2026-04-24,39,0
712,2026-04-24,40,2
713,2026-04-24,41,23
714,2026-04-24,42,17
715,2026-04-24,43,17
716,2026-04-24,44,12
717,2026-04-24,45,0
718,2026-04-24,46,0
719,2026-04-24,47,4
720,2026-04-24,48,18
721,2026-04-27,1,0
722,2026-04-27,2,16
723,2026-04-27,3,12
724,2026-04-27,4,8
725,2026-04-27,5,31
726,2026-04-27,6,20
727,2026-04-27,7,22
728,2026-04-27,8,15
729,2026-04-27,9,22
730,2026-04-27,10,10
731,2026-04-27,11,0
732,2026-04-27,12,1
733,2026-04-27,13,1
734,2026-04-27,14,8
735,2026-04-27,15,18
736,2026-04-27,16,26
737,2026-04-27,17,19
738,2026-04-27,18,0
739,2026-04-27,19,27
740,2026-04-27,20,12
741,2026-04-27,21,25
742,2026-04-27,22,1
743,2026-04-27,23,0
744,2026-04-27,24,4
745,2026-04-27,25,8
746,2026-04-27,26,0
747,2026-04-27,27,0
748,2026-04-27,28,0
749,2026-04-27,29,27
750,2026-04-27,30,8
751,2026-04-27,31,28
752,2026-04-27,32,17
753,2026-04-27,33,0
754,2026-04-27,34,30
755,2026-04-27,35,0
756,2026-04-27,36,4
757,2026-04-27,37,38
758,2026-04-27,38,2
759,2026-04-27,39,0
760,2026-04-27,40,0
761,2026-04-27,41,20
762,2026-04-27,42,16
763,2026-04-27,43,16
764,2026-04-27,44,11
765,2026-04-27,45,0
766,2026-04-27,46,0
767,2026-04-27,47,3
768,2026-04-27,48,14
769,2026-04-28,1,0
770,2026-04-28,2,15
771,2026-04-28,3,8
772,2026-04-28,4,8
773,2026-04-28,5,28
774,2026-04-28,6,16
775,2026-04-28,7,19
776,2026-04-28,8,12
777,2026-04-28,9,22
778,2026-04-28,10,9
779,2026-04-28,11,0
780,2026-04-28,12,1
781,2026-04-28,13,0
782,2026-04-28,14,6
783,2026-04-28,15,16
784,2026-04-28,16,20
785,2026-04-28,17,18
786,2026-04-28,18,0
787,2026-04-28,19,23
788,2026-04-28,20,7
789,2026-04-28,21,18
790,2026-04-28,22,0
791,2026-04-28,23,0
792,2026-04-28,24,4
793,2026-04-28,25,4
794,2026-04-28,26,0
795,2026-04-28,27,0
796,2026-04-28,28,0
797,2026-04-28,29,20
798,2026-04-28,30,5
799,2026-04-28,31,27
800,2026-04-28,32,13
801,2026-04-28,33,0
802,2026-04-28,34,23
803,2026-04-28,35,0
804,2026-04-28,36,2
805,2026-04-28,37,36
806,2026-04-28,38,0
807,2026-04-28,39,0
808,2026-04-28,40,0
809,2026-04-28,41,17
810,2026-04-28,42,15
811,2026-04-28,43,15
812,2026-04-28,44,11
813,2026-04-28,45,0
814,2026-04-28,46,0
815,2026-04-28,47,2
816,2026-04-28,48,11
817,2026-04-30,1,0
818,2026-04-30,2,13
819,2026-04-30,3,8
820,2026-04-30,4,6
821,2026-04-30,5,23
822,2026-04-30,6,13
823,2026-04-30,7,13
824,2026-04-30,8,9
825,2026-04-30,9,22
826,2026-04-30,10,9
827,2026-04-30,11,0
828,2026-04-30,12,0
829,2026-04-30,13,0
830,2026-04-30,14,3
831,2026-04-30,15,15
832,2026-04-30,16,19
833,2026-04-30,17,15
834,2026-04-30,18,0
835,2026-04-30,19,20
836,2026-04-30,20,7
837,2026-04-30,21,14
838,2026-04-30,22,0
839,2026-04-30,23,0
840,2026-04-30,24,4
841,2026-04-30,25,1
842,2026-04-30,26,0
843,2026-04-30,27,0
844,2026-04-30,28,0
845,2026-04-30,29,16
846,2026-04-30,30,2
847,2026-04-30,31,24
848,2026-04-30,32,9
849,2026-04-30,33,0
850,2026-04-30,34,21
851,2026-04-30,35,0
852,2026-04-30,36,0
853,2026-04-30,37,35
854,2026-04-30,38,0
855,2026-04-30,39,0
856,2026-04-30,40,0
857,2026-04-30,41,15
858,2026-04-30,42,14
859,2026-04-30,43,15
860,2026-04-30,44,11
861,2026-04-30,45,0
862,2026-04-30,46,0
863,2026-04-30,47,2
864,2026-04-30,48,4
865,2026-05-01,1,0
866,2026-05-01,2,13
867,2026-05-01,3,7
868,2026-05-01,4,4
869,2026-05-01,5,18
870,2026-05-01,6,9
871,2026-05-01,7,9
872,2026-05-01,8,7
873,2026-05-01,9,22
874,2026-05-01,10,6
875,2026-05-01,11,0
876,2026-05-01,12,0
877,2026-05-01,13,0
878,2026-05-01,14,3
879,2026-05-01,15,14
880,2026-05-01,16,19
881,2026-05-01,17,15
882,2026-05-01,18,0
883,2026-05-01,19,18
884,2026-05-01,20,4
885,2026-05-01,21,14
886,2026-05-01,22,0
887,2026-05-01,23,0
888,2026-05-01,24,4
889,2026-05-01,25,0
890,2026-05-01,26,0
891,2026-05-01,27,0
892,2026-05-01,28,0
893,2026-05-01,29,14
894,2026-05-01,30,1
895,2026-05-01,31,18
896,2026-05-01,32,6
897,2026-05-01,33,0
898,2026-05-01,34,18
899,2026-05-01,35,0
900,2026-05-01,36,0
901,2026-05-01,37,33
902,2026-05-01,38,0
903,2026-05-01,39,0
904,2026-05-01,40,0
905,2026-05-01,41,11
906,2026-05-01,42,14
907,2026-05-01,43,15
908,2026-05-01,44,11
909,2026-05-01,45,0
910,2026-05-01,46,0
911,2026-05-01,47,2
912,2026-05-01,48,3
913,2026-05-07,1,37
914,2026-05-07,2,11
915,2026-05-07,3,5
916,2026-05-07,4,27
917,2026-05-07,5,14
918,2026-05-07,6,50
919,2026-05-07,7,56
920,2026-05-07,8,5
921,2026-05-07,9,22
922,2026-05-07,10,5
923,2026-05-07,11,22
924,2026-05-07,12,20
925,2026-05-07,13,10
926,2026-05-07,14,17
927,2026-05-07,15,9
928,2026-05-07,16,17
929,2026-05-07,17,14
930,2026-05-07,18,23
931,2026-05-07,19,17
932,2026-05-07,20,2
933,2026-05-07,21,6
934,2026-05-07,22,44
935,2026-05-07,23,19
936,2026-05-07,24,3
937,2026-05-07,25,20
938,2026-05-07,26,18
939,2026-05-07,27,18
940,2026-05-07,28,19
941,2026-05-07,29,7
942,2026-05-07,30,25
943,2026-05-07,31,13
944,2026-05-07,32,34
945,2026-05-07,33,19
946,2026-05-07,34,15
947,2026-05-07,35,27
948,2026-05-07,36,23
949,2026-05-07,37,29
950,2026-05-07,38,45
951,2026-05-07,39,46
952,2026-05-07,40,22
953,2026-05-07,41,9
954,2026-05-07,42,12
955,2026-05-07,43,13
956,2026-05-07,44,11
957,2026-05-07,45,23
958,2026-05-07,46,23
959,2026-05-07,47,25
960,2026-05-07,48,24
961,2026-05-08,1,34
962,2026-05-08,2,9
963,2026-05-08,3,5
964,2026-05-08,4,27
965,2026-05-08,5,12
966,2026-05-08,6,47
967,2026-05-08,7,52
968,2026-05-08,8,5
969,2026-05-08,9,22
970,2026-05-08,10,2
971,2026-05-08,11,22
972,2026-05-08,12,19
973,2026-05-08,13,9
974,2026-05-08,14,17
975,2026-05-08,15,6
976,2026-05-08,16,16
977,2026-05-08,17,14
978,2026-05-08,18,20
979,2026-05-08,19,16
980,2026-05-08,20,1
981,2026-05-08,21,4
982,2026-05-08,22,41
983,2026-05-08,23,18
984,2026-05-08,24,3
985,2026-05-08,25,20
986,2026-05-08,26,18
987,2026-05-08,27,15
988,2026-05-08,28,17
989,2026-05-08,29,2
990,2026-05-08,30,22
991,2026-05-08,31,11
992,2026-05-08,32,33
993,2026-05-08,33,17
994,2026-05-08,34,10
995,2026-05-08,35,23
996,2026-05-08,36,23
997,2026-05-08,37,28
998,2026-05-08,38,43
999,2026-05-08,39,44
1000,2026-05-08,40,20
1001,2026-05-08,41,7
1002,2026-05-08,42,12
1003,2026-05-08,43,12
1004,2026-05-08,44,10
1005,2026-05-08,45,22
1006,2026-05-08,46,20
1007,2026-05-08,47,25
1008,2026-05-08,48,24
1009,2026-05-11,1,30
1010,2026-05-11,2,7
1011,2026-05-11,3,1
1012,2026-05-11,4,26
1013,2026-05-11,5,6
1014,2026-05-11,6,42
1015,2026-05-11,7,50
1016,2026-05-11,8,3
1017,2026-05-11,9,22
1018,2026-05-11,10,1
1019,2026-05-11,11,20
1020,2026-05-11,12,17
1021,2026-05-11,13,8
1022,2026-05-11,14,15
1023,2026-05-11,15,0
1024,2026-05-11,16,11
1025,2026-05-11,17,12
1026,2026-05-11,18,18
1027,2026-05-11,19,13
1028,2026-05-11,20,0
1029,2026-05-11,21,0
1030,2026-05-11,22,36
1031,2026-05-11,23,18
1032,2026-05-11,24,2
1033,2026-05-11,25,18
1034,2026-05-11,26,17
1035,2026-05-11,27,14
1036,2026-05-11,28,15
1037,2026-05-11,29,0
1038,2026-05-11,30,20
1039,2026-05-11,31,6
1040,2026-05-11,32,30
1041,2026-05-11,33,15
1042,2026-05-11,34,7
1043,2026-05-11,35,19
1044,2026-05-11,36,22
1045,2026-05-11,37,22
1046,2026-05-11,38,41
1047,2026-05-11,39,36
1048,2026-05-11,40,19
1049,2026-05-11,41,2
1050,2026-05-11,42,12
1051,2026-05-11,43,11
1052,2026-05-11,44,10
1053,2026-05-11,45,19
1054,2026-05-11,46,18
1055,2026-05-11,47,25
1056,2026-05-11,48,22
1057,2026-05-12,1,22
1058,2026-05-12,2,7
1059,2026-05-12,3,0
1060,2026-05-12,4,21
1061,2026-05-12,5,1
1062,2026-05-12,6,39
1063,2026-05-12,7,46
1064,2026-05-12,8,0
1065,2026-05-12,9,22
1066,2026-05-12,10,0
1067,2026-05-12,11,18
1068,2026-05-12,12,17
1069,2026-05-12,13,7
1070,2026-05-12,14,14
1071,2026-05-12,15,0
1072,2026-05-12,16,9
1073,2026-05-12,17,10
1074,2026-05-12,18,16
1075,2026-05-12,19,9
1076,2026-05-12,20,0
1077,2026-05-12,21,0
1078,2026-05-12,22,32
1079,2026-05-12,23,16
1080,2026-05-12,24,0
1081,2026-05-12,25,13
1082,2026-05-12,26,15
1083,2026-05-12,27,9
1084,2026-05-12,28,13
1085,2026-05-12,29,0
1086,2026-05-12,30,17
1087,2026-05-12,31,2
1088,2026-05-12,32,25
1089,2026-05-12,33,14
1090,2026-05-12,34,0
1091,2026-05-12,35,14
1092,2026-05-12,36,22
1093,2026-05-12,37,19
1094,2026-05-12,38,39
1095,2026-05-12,39,32
1096,2026-05-12,40,16
1097,2026-05-12,41,0
1098,2026-05-12,42,10
1099,2026-05-12,43,11
1100,2026-05-12,44,8
1101,2026-05-12,45,14
1102,2026-05-12,46,17
1103,2026-05-12,47,24
1104,2026-05-12,48,15
1105,2026-05-13,1,18
1106,2026-05-13,2,6
1107,2026-05-13,3,0
1108,2026-05-13,4,20
1109,2026-05-13,5,0
1110,2026-05-13,6,37
1111,2026-05-13,7,44
1112,2026-05-13,8,0
1113,2026-05-13,9,22
1114,2026-05-13,10,0
1115,2026-05-13,11,17
1116,2026-05-13,12,17
1117,2026-05-13,13,6
1118,2026-05-13,14,14
1119,2026-05-13,15,0
1120,2026-05-13,16,8
1121,2026-05-13,17,9
1122,2026-05-13,18,16
1123,2026-05-13,19,8
1124,2026-05-13,20,0
1125,2026-05-13,21,0
1126,2026-05-13,22,28
1127,2026-05-13,23,14
1128,2026-05-13,24,0
1129,2026-05-13,25,12
1130,2026-05-13,26,12
1131,2026-05-13,27,8
1132,2026-05-13,28,12
1133,2026-05-13,29,0
1134,2026-05-13,30,17
1135,2026-05-13,31,2
1136,2026-05-13,32,21
1137,2026-05-13,33,13
1138,2026-05-13,34,0
1139,2026-05-13,35,13
1140,2026-05-13,36,22
1141,2026-05-13,37,16
1142,2026-05-13,38,38
1143,2026-05-13,39,30
1144,2026-05-13,40,14
1145,2026-05-13,41,0
1146,2026-05-13,42,10
1147,2026-05-13,43,10
1148,2026-05-13,44,7
1149,2026-05-13,45,14
1150,2026-05-13,46,15
1151,2026-05-13,47,23
1152,2026-05-13,48,14
1153,2026-05-14,1,13
1154,2026-05-14,2,3
1155,2026-05-14,3,0
1156,2026-05-14,4,20
1157,2026-05-14,5,0
1158,2026-05-14,6,34
1159,2026-05-14,7,35
1160,2026-05-14,8,0
1161,2026-05-14,9,22
1162,2026-05-14,10,0
1163,2026-05-14,11,17
1164,2026-05-14,12,16
1165,2026-05-14,13,4
1166,2026-05-14,14,12
1167,2026-05-14,15,0
1168,2026-05-14,16,8
1169,2026-05-14,17,8
1170,2026-05-14,18,13
1171,2026-05-14,19,4
1172,2026-05-14,20,0
1173,2026-05-14,21,0
1174,2026-05-14,22,26
1175,2026-05-14,23,14
1176,2026-05-14,24,0
1177,2026-05-14,25,8
1178,2026-05-14,26,8
1179,2026-05-14,27,6
1180,2026-05-14,28,11
1181,2026-05-14,29,0
1182,2026-05-14,30,15
1183,2026-05-14,31,0
1184,2026-05-14,32,20
1185,2026-05-14,33,12
1186,2026-05-14,34,0
1187,2026-05-14,35,7
1188,2026-05-14,36,21
1189,2026-05-14,37,9
1190,2026-05-14,38,34
1191,2026-05-14,39,27
1192,2026-05-14,40,12
1193,2026-05-14,41,0
1194,2026-05-14,42,10
1195,2026-05-14,43,8
1196,2026-05-14,44,6
1197,2026-05-14,45,14
1198,2026-05-14,46,14
1199,2026-05-14,47,23
1200,2026-05-14,48,13
1201,2026-05-15,1,12
1202,2026-05-15,2,2
1203,2026-05-15,3,0
1204,2026-05-15,4,17
1205,2026-05-15,5,0
1206,2026-05-15,6,31
1207,2026-05-15,7,30
1208,2026-05-15,8,0
1209,2026-05-15,9,22
1210,2026-05-15,10,0
1211,2026-05-15,11,16
1212,2026-05-15,12,16
1213,2026-05-15,13,4
1214,2026-05-15,14,12
1215,2026-05-15,15,0
1216,2026-05-15,16,7
1217,2026-05-15,17,8
1218,2026-05-15,18,11
1219,2026-05-15,19,2
1220,2026-05-15,20,0
1221,2026-05-15,21,0
1222,2026-05-15,22,26
1223,2026-05-15,23,13
1224,2026-05-15,24,0
1225,2026-05-15,25,5
1226,2026-05-15,26,8
1227,2026-05-15,27,6
1228,2026-05-15,28,10
1229,2026-05-15,29,0
1230,2026-05-15,30,12
1231,2026-05-15,31,0
1232,2026-05-15,32,18
1233,2026-05-15,33,12
1234,2026-05-15,34,0
1235,2026-05-15,35,5
1236,2026-05-15,36,21
1237,2026-05-15,37,5
1238,2026-05-15,38,32
1239,2026-05-15,39,24
1240,2026-05-15,40,9
1241,2026-05-15,41,0
1242,2026-05-15,42,10
1243,2026-05-15,43,8
1244,2026-05-15,44,6
1245,2026-05-15,45,13
1246,2026-05-15,46,13
1247,2026-05-15,47,22
1248,2026-05-15,48,13
1249,2026-05-18,1,9
1250,2026-05-18,2,21
1251,2026-05-18,3,25
1252,2026-05-18,4,12
1253,2026-05-18,5,37
1254,2026-05-18,6,27
1255,2026-05-18,7,29
1256,2026-05-18,8,17
1257,2026-05-18,9,22
1258,2026-05-18,10,21
1259,2026-05-18,11,16
1260,2026-05-18,12,13
1261,2026-05-18,13,3
1262,2026-05-18,14,11
1263,2026-05-18,15,36
1264,2026-05-18,16,6
1265,2026-05-18,17,0
1266,2026-05-18,18,5
1267,2026-05-18,19,36
1268,2026-05-18,20,12
1269,2026-05-18,21,47
1270,2026-05-18,22,23
1271,2026-05-18,23,12
1272,2026-05-18,24,8
1273,2026-05-18,25,24
1274,2026-05-18,26,5
1275,2026-05-18,27,4
1276,2026-05-18,28,9
1277,2026-05-18,29,44
1278,2026-05-18,30,4
1279,2026-05-18,31,33
1280,2026-05-18,32,12
1281,2026-05-18,33,8
1282,2026-05-18,34,49
1283,2026-05-18,35,31
1284,2026-05-18,36,18
1285,2026-05-18,37,50
1286,2026-05-18,38,30
1287,2026-05-18,39,18
1288,2026-05-18,40,3
1289,2026-05-18,41,26
1290,2026-05-18,42,9
1291,2026-05-18,43,7
1292,2026-05-18,44,6
1293,2026-05-18,45,10
1294,2026-05-18,46,13
1295,2026-05-18,47,22
1296,2026-05-18,48,9
1297,2026-05-19,1,5
1298,2026-05-19,2,18
1299,2026-05-19,3,23
1300,2026-05-19,4,8
1301,2026-05-19,5,36
1302,2026-05-19,6,24
1303,2026-05-19,7,22
1304,2026-05-19,8,16
1305,2026-05-19,9,22
1306,2026-05-19,10,18
1307,2026-05-19,11,15
1308,2026-05-19,12,13
1309,2026-05-19,13,2
1310,2026-05-19,14,11
1311,2026-05-19,15,33
1312,2026-05-19,16,4
1313,2026-05-19,17,0
1314,2026-05-19,18,3
1315,2026-05-19,19,35
1316,2026-05-19,20,10
1317,2026-05-19,21,40
1318,2026-05-19,22,17
1319,2026-05-19,23,11
1320,2026-05-19,24,7
1321,2026-05-19,25,22
1322,2026-05-19,26,5
1323,2026-05-19,27,1
1324,2026-05-19,28,9
1325,2026-05-19,29,41
1326,2026-05-19,30,2
1327,2026-05-19,31,33
1328,2026-05-19,32,9
1329,2026-05-19,33,8
1330,2026-05-19,34,44
1331,2026-05-19,35,24
1332,2026-05-19,36,17
1333,2026-05-19,37,46
1334,2026-05-19,38,29
1335,2026-05-19,39,16
1336,2026-05-19,40,2
1337,2026-05-19,41,23
1338,2026-05-19,42,9
1339,2026-05-19,43,7
1340,2026-05-19,44,6
1341,2026-05-19,45,6
1342,2026-05-19,46,11
1343,2026-05-19,47,21
1344,2026-05-19,48,8
1345,2026-05-20,1,2
1346,2026-05-20,2,17
1347,2026-05-20,3,20
1348,2026-05-20,4,6
1349,2026-05-20,5,32
1350,2026-05-20,6,23
1351,2026-05-20,7,18
1352,2026-05-20,8,14
1353,2026-05-20,9,22
1354,2026-05-20,10,17
1355,2026-05-20,11,15
1356,2026-05-20,12,13
1357,2026-05-20,13,2
1358,2026-05-20,14,10
1359,2026-05-20,15,33
1360,2026-05-20,16,2
1361,2026-05-20,17,0
1362,2026-05-20,18,3
1363,2026-05-20,19,35
1364,2026-05-20,20,10
1365,2026-05-20,21,36
1366,2026-05-20,22,14
1367,2026-05-20,23,11
1368,2026-05-20,24,4
1369,2026-05-20,25,21
1370,2026-05-20,26,3
1371,2026-05-20,27,0
1372,2026-05-20,28,9
1373,2026-05-20,29,39
1374,2026-05-20,30,0
1375,2026-05-20,31,30
1376,2026-05-20,32,9
1377,2026-05-20,33,8
1378,2026-05-20,34,42
1379,2026-05-20,35,22
1380,2026-05-20,36,17
1381,2026-05-20,37,42
1382,2026-05-20,38,27
1383,2026-05-20,39,13
1384,2026-05-20,40,1
1385,2026-05-20,41,22
1386,2026-05-20,42,8
1387,2026-05-20,43,6
1388,2026-05-20,44,6
1389,2026-05-20,45,6
1390,2026-05-20,46,8
1391,2026-05-20,47,20
1392,2026-05-20,48,7
1393,2026-05-21,1,0
1394,2026-05-21,2,15
1395,2026-05-21,3,19
1396,2026-05-21,4,3
1397,2026-05-21,5,29
1398,2026-05-21,6,19
1399,2026-05-21,7,13
1400,2026-05-21,8,13
1401,2026-05-21,9,22
1402,2026-05-21,10,17
1403,2026-05-21,11,13
1404,2026-05-21,12,11
1405,2026-05-21,13,2
1406,2026-05-21,14,9
1407,2026-05-21,15,29
1408,2026-05-21,16,0
1409,2026-05-21,17,0
1410,2026-05-21,18,0
1411,2026-05-21,19,29
1412,2026-05-21,20,9
1413,2026-05-21,21,32
1414,2026-05-21,22,10
1415,2026-05-21,23,10
1416,2026-05-21,24,4
1417,2026-05-21,25,18
1418,2026-05-21,26,0
1419,2026-05-21,27,0
1420,2026-05-21,28,7
1421,2026-05-21,29,35
1422,2026-05-21,30,0
1423,2026-05-21,31,30
1424,2026-05-21,32,6
1425,2026-05-21,33,7
1426,2026-05-21,34,39
1427,2026-05-21,35,19
1428,2026-05-21,36,17
1429,2026-05-21,37,40
1430,2026-05-21,38,25
1431,2026-05-21,39,9
1432,2026-05-21,40,0
1433,2026-05-21,41,19
1434,2026-05-21,42,7
1435,2026-05-21,43,6
1436,2026-05-21,44,5
1437,2026-05-21,45,5
1438,2026-05-21,46,6
1439,2026-05-21,47,19
1440,2026-05-21,48,7
1441,2026-05-22,1,0
1442,2026-05-22,2,15
1443,2026-05-22,3,19
1444,2026-05-22,4,2
1445,2026-05-22,5,26
1446,2026-05-22,6,19
1447,2026-05-22,7,9
1448,2026-05-22,8,12
1449,2026-05-22,9,22
1450,2026-05-22,10,17
1451,2026-05-22,11,13
1452,2026-05-22,12,10
1453,2026-05-22,13,2
1454,2026-05-22,14,9
1455,2026-05-22,15,27
1456,2026-05-22,16,0
1457,2026-05-22,17,0
1458,2026-05-22,18,0
1459,2026-05-22,19,28
1460,2026-05-22,20,7
1461,2026-05-22,21,31
1462,2026-05-22,22,9
1463,2026-05-22,23,7
1464,2026-05-22,24,3
1465,2026-05-22,25,18
1466,2026-05-22,26,0
1467,2026-05-22,27,0
1468,2026-05-22,28,5
1469,2026-05-22,29,32
1470,2026-05-22,30,0
1471,2026-05-22,31,29
1472,2026-05-22,32,6
1473,2026-05-22,33,7
1474,2026-05-22,34,35
1475,2026-05-22,35,14
1476,2026-05-22,36,16
1477,2026-05-22,37,38
1478,2026-05-22,38,25
1479,2026-05-22,39,5
1480,2026-05-22,40,0
1481,2026-05-22,41,16
1482,2026-05-22,42,7
1483,2026-05-22,43,6
1484,2026-05-22,44,5
1485,2026-05-22,45,3
1486,2026-05-22,46,4
1487,2026-05-22,47,17
1488,2026-05-22,48,5
1489,2026-05-25,1,0
1490,2026-05-25,2,11
1491,2026-05-25,3,17
1492,2026-05-25,4,0
1493,2026-05-25,5,20
1494,2026-05-25,6,13
1495,2026-05-25,7,6
1496,2026-05-25,8,10
1497,2026-05-25,9,21
1498,2026-05-25,10,17
1499,2026-05-25,11,8
1500,2026-05-25,12,9
1501,2026-05-25,13,2
1502,2026-05-25,14,7
1503,2026-05-25,15,18
1504,2026-05-25,16,0
1505,2026-05-25,17,0
1506,2026-05-25,18,0
1507,2026-05-25,19,24
1508,2026-05-25,20,6
1509,2026-05-25,21,24
1510,2026-05-25,22,5
1511,2026-05-25,23,6
1512,2026-05-25,24,3
1513,2026-05-25,25,14
1514,2026-05-25,26,0
1515,2026-05-25,27,0
1516,2026-05-25,28,1
1517,2026-05-25,29,25
1518,2026-05-25,30,0
1519,2026-05-25,31,27
1520,2026-05-25,32,2
1521,2026-05-25,33,5
1522,2026-05-25,34,30
1523,2026-05-25,35,11
1524,2026-05-25,36,16
1525,2026-05-25,37,33
1526,2026-05-25,38,23
1527,2026-05-25,39,0
1528,2026-05-25,40,0
1529,2026-05-25,41,14
1530,2026-05-25,42,7
1531,2026-05-25,43,5
1532,2026-05-25,44,5
1533,2026-05-25,45,1
1534,2026-05-25,46,1
1535,2026-05-25,47,10
1536,2026-05-25,48,1
1537,2026-05-26,1,0
1538,2026-05-26,2,11
1539,2026-05-26,3,14
1540,2026-05-26,4,0
1541,2026-05-26,5,14
1542,2026-05-26,6,11
1543,2026-05-26,7,1
1544,2026-05-26,8,10
1545,2026-05-26,9,21
1546,2026-05-26,10,16
1547,2026-05-26,11,7
1548,2026-05-26,12,9
1549,2026-05-26,13,2
1550,2026-05-26,14,5
1551,2026-05-26,15,10
1552,2026-05-26,16,0
1553,2026-05-26,17,0
1554,2026-05-26,18,0
1555,2026-05-26,19,24
1556,2026-05-26,20,2
1557,2026-05-26,21,19
1558,2026-05-26,22,2
1559,2026-05-26,23,5
1560,2026-05-26,24,3
1561,2026-05-26,25,12
1562,2026-05-26,26,0
1563,2026-05-26,27,0
1564,2026-05-26,28,0
1565,2026-05-26,29,17
1566,2026-05-26,30,0
1567,2026-05-26,31,24
1568,2026-05-26,32,1
1569,2026-05-26,33,3
1570,2026-05-26,34,25
1571,2026-05-26,35,9
1572,2026-05-26,36,16
1573,2026-05-26,37,32
1574,2026-05-26,38,20
1575,2026-05-26,39,0
1576,2026-05-26,40,0
1577,2026-05-26,41,11
1578,2026-05-26,42,7
1579,2026-05-26,43,4
1580,2026-05-26,44,5
1581,2026-05-26,45,0
1582,2026-05-26,46,0
1583,2026-05-26,47,8
1584,2026-05-26,48,0
1585,2026-05-27,1,0
1586,2026-05-27,2,10
1587,2026-05-27,3,14
1588,2026-05-27,4,0
1589,2026-05-27,5,9
1590,2026-05-27,6,9
1591,2026-05-27,7,0
1592,2026-05-27,8,10
1593,2026-05-27,9,21
1594,2026-05-27,10,15
1595,2026-05-27,11,5
1596,2026-05-27,12,8
1597,2026-05-27,13,2
1598,2026-05-27,14,3
1599,2026-05-27,15,6
1600,2026-05-27,16,0
1601,2026-05-27,17,0
1602,2026-05-27,18,0
1603,2026-05-27,19,21
1604,2026-05-27,20,1
1605,2026-05-27,21,16
1606,2026-05-27,22,0
1607,2026-05-27,23,2
1608,2026-05-27,24,3
1609,2026-05-27,25,12
1610,2026-05-27,26,0
1611,2026-05-27,27,0
1612,2026-05-27,28,0
1613,2026-05-27,29,13
1614,2026-05-27,30,0
1615,2026-05-27,31,24
1616,2026-05-27,32,1
1617,2026-05-27,33,1
1618,2026-05-27,34,22
1619,2026-05-27,35,6
1620,2026-05-27,36,15
1621,2026-05-27,37,30
1622,2026-05-27,38,19
1623,2026-05-27,39,0
1624,2026-05-27,40,0
1625,2026-05-27,41,9
1626,2026-05-27,42,7
1627,2026-05-27,43,4
1628,2026-05-27,44,4
1629,2026-05-27,45,0
1630,2026-05-27,46,0
1631,2026-05-27,47,7
1632,2026-05-27,48,0
1633,2026-05-28,1,0
1634,2026-05-28,2,10
1635,2026-05-28,3,11
1636,2026-05-28,4,0
1637,2026-05-28,5,3
1638,2026-05-28,6,2
1639,2026-05-28,7,0
1640,2026-05-28,8,10
1641,2026-05-28,9,21
1642,2026-05-28,10,13
1643,2026-05-28,11,3
1644,2026-05-28,12,5
1645,2026-05-28,13,0
1646,2026-05-28,14,3
1647,2026-05-28,15,4
1648,2026-05-28,16,0
1649,2026-05-28,17,0
1650,2026-05-28,18,0
1651,2026-05-28,19,20
1652,2026-05-28,20,1
1653,2026-05-28,21,13
1654,2026-05-28,22,0
1655,2026-05-28,23,2
1656,2026-05-28,24,3
1657,2026-05-28,25,10
1658,2026-05-28,26,0
1659,2026-05-28,27,0
1660,2026-05-28,28,0
1661,2026-05-28,29,11
1662,2026-05-28,30,0
1663,2026-05-28,31,21
1664,2026-05-28,32,1
1665,2026-05-28,33,0
1666,2026-05-28,34,15
1667,2026-05-28,35,5
1668,2026-05-28,36,14
1669,2026-05-28,37,25
1670,2026-05-28,38,15
1671,2026-05-28,39,0
1672,2026-05-28,40,0
1673,2026-05-28,41,7
1674,2026-05-28,42,7
1675,2026-05-28,43,4
1676,2026-05-28,44,0
1677,2026-05-28,45,0
1678,2026-05-28,46,0
1679,2026-05-28,47,2
1680,2026-05-28,48,0
1681,2026-05-29,1,0
1682,2026-05-29,2,9
1683,2026-05-29,3,11
1684,2026-05-29,4,0
1685,2026-05-29,5,0
1686,2026-05-29,6,0
1687,2026-05-29,7,0
1688,2026-05-29,8,10
1689,2026-05-29,9,21
1690,2026-05-29,10,13
1691,2026-05-29,11,0
1692,2026-05-29,12,5
1693,2026-05-29,13,0
1694,2026-05-29,14,3
1695,2026-05-29,15,2
1696,2026-05-29,16,0
1697,2026-05-29,17,0
1698,2026-05-29,18,0
1699,2026-05-29,19,16
1700,2026-05-29,20,0
1701,2026-05-29,21,9
1702,2026-05-29,22,0
1703,2026-05-29,23,0
1704,2026-05-29,24,3
1705,2026-05-29,25,8
1706,2026-05-29,26,0
1707,2026-05-29,27,0
1708,2026-05-29,28,0
1709,2026-05-29,29,10
1710,2026-05-29,30,0
1711,2026-05-29,31,20
1712,2026-05-29,32,0
1713,2026-05-29,33,0
1714,2026-05-29,34,11
1715,2026-05-29,35,5
1716,2026-05-29,36,13
1717,2026-05-29,37,24
1718,2026-05-29,38,11
1719,2026-05-29,39,0
1720,2026-05-29,40,0
1721,2026-05-29,41,4
1722,2026-05-29,42,7
1723,2026-05-29,43,4
1724,2026-05-29,44,0
1725,2026-05-29,45,0
1726,2026-05-29,46,0
1727,2026-05-29,47,1
1728,2026-05-29,48,0
1729,2026-06-01,1,32
1730,2026-06-01,2,7
1731,2026-06-01,3,6
1732,2026-06-01,4,23
1733,2026-06-01,5,41
1734,2026-06-01,6,41
1735,2026-06-01,7,49
1736,2026-06-01,8,10
1737,2026-06-01,9,21
1738,2026-06-01,10,9
1739,2026-06-01,11,22
1740,2026-06-01,12,2
1741,2026-06-01,13,10
1742,2026-06-01,14,14
1743,2026-06-01,15,42
1744,2026-06-01,16,24
1745,2026-06-01,17,19
1746,2026-06-01,18,22
1747,2026-06-01,19,11
1748,2026-06-01,20,13
1749,2026-06-01,21,55
1750,2026-06-01,22,45
1751,2026-06-01,23,22
1752,2026-06-01,24,1
1753,2026-06-01,25,4
1754,2026-06-01,26,20
1755,2026-06-01,27,17
1756,2026-06-01,28,17
1757,2026-06-01,29,53
1758,2026-06-01,30,23
1759,2026-06-01,31,17
1760,2026-06-01,32,24
1761,2026-06-01,33,18
1762,2026-06-01,34,55
1763,2026-06-01,35,32
1764,2026-06-01,36,12
1765,2026-06-01,37,21
1766,2026-06-01,38,6
1767,2026-06-01,39,47
1768,2026-06-01,40,23
1769,2026-06-01,41,29
1770,2026-06-01,42,7
1771,2026-06-01,43,26
1772,2026-06-01,44,23
1773,2026-06-01,45,21
1774,2026-06-01,46,22
1775,2026-06-01,47,24
1776,2026-06-01,48,20
1777,2026-06-02,1,26
1778,2026-06-02,2,5
1779,2026-06-02,3,4
1780,2026-06-02,4,20
1781,2026-06-02,5,36
1782,2026-06-02,6,38
1783,2026-06-02,7,46
1784,2026-06-02,8,8
1785,2026-06-02,9,21
1786,2026-06-02,10,7
1787,2026-06-02,11,17
1788,2026-06-02,12,0
1789,2026-06-02,13,9
1790,2026-06-02,14,13
1791,2026-06-02,15,36
1792,2026-06-02,16,22
1793,2026-06-02,17,18
1794,2026-06-02,18,20
1795,2026-06-02,19,6
1796,2026-06-02,20,12
1797,2026-06-02,21,50
1798,2026-06-02,22,42
1799,2026-06-02,23,20
1800,2026-06-02,24,1
1801,2026-06-02,25,3
1802,2026-06-02,26,14
1803,2026-06-02,27,17
1804,2026-06-02,28,16
1805,2026-06-02,29,50
1806,2026-06-02,30,22
1807,2026-06-02,31,15
1808,2026-06-02,32,22
1809,2026-06-02,33,16
1810,2026-06-02,34,52
1811,2026-06-02,35,27
1812,2026-06-02,36,9
1813,2026-06-02,37,15
1814,2026-06-02,38,2
1815,2026-06-02,39,46
1816,2026-06-02,40,21
1817,2026-06-02,41,27
1818,2026-06-02,42,7
1819,2026-06-02,43,26
1820,2026-06-02,44,22
1821,2026-06-02,45,20
1822,2026-06-02,46,18
1823,2026-06-02,47,24
1824,2026-06-02,48,17
1825,2026-06-03,1,23
1826,2026-06-03,2,4
1827,2026-06-03,3,1
1828,2026-06-03,4,17
1829,2026-06-03,5,35
1830,2026-06-03,6,36
1831,2026-06-03,7,43
1832,2026-06-03,8,8
1833,2026-06-03,9,21
1834,2026-06-03,10,6
1835,2026-06-03,11,15
1836,2026-06-03,12,0
1837,2026-06-03,13,9
1838,2026-06-03,14,13
1839,2026-06-03,15,35
1840,2026-06-03,16,20
1841,2026-06-03,17,17
1842,2026-06-03,18,20
1843,2026-06-03,19,6
1844,2026-06-03,20,12
1845,2026-06-03,21,44
1846,2026-06-03,22,40
1847,2026-06-03,23,20
1848,2026-06-03,24,0
1849,2026-06-03,25,0
1850,2026-06-03,26,12
1851,2026-06-03,27,17
1852,2026-06-03,28,15
1853,2026-06-03,29,48
1854,2026-06-03,30,20
1855,2026-06-03,31,15
1856,2026-06-03,32,21
1857,2026-06-03,33,15
1858,2026-06-03,34,47
1859,2026-06-03,35,27
1860,2026-06-03,36,8
1861,2026-06-03,37,11
1862,2026-06-03,38,1
1863,2026-06-03,39,44
1864,2026-06-03,40,20
1865,2026-06-03,41,26
1866,2026-06-03,42,6
1867,2026-06-03,43,26
1868,2026-06-03,44,22
1869,2026-06-03,45,20
1870,2026-06-03,46,15
1871,2026-06-03,47,23
1872,2026-06-03,48,16
1873,2026-06-04,1,19
1874,2026-06-04,2,3
1875,2026-06-04,3,0
1876,2026-06-04,4,14
1877,2026-06-04,5,33
1878,2026-06-04,6,33
1879,2026-06-04,7,40
1880,2026-06-04,8,6
1881,2026-06-04,9,21
1882,2026-06-04,10,6
1883,2026-06-04,11,15
1884,2026-06-04,12,0
1885,2026-06-04,13,8
1886,2026-06-04,14,12
1887,2026-06-04,15,29
1888,2026-06-04,16,18
1889,2026-06-04,17,16
1890,2026-06-04,18,19
1891,2026-06-04,19,2
1892,2026-06-04,20,12
1893,2026-06-04,21,38
1894,2026-06-04,22,38
1895,2026-06-04,23,19
1896,2026-06-04,24,0
1897,2026-06-04,25,0
1898,2026-06-04,26,9
1899,2026-06-04,27,16
1900,2026-06-04,28,13
1901,2026-06-04,29,42
1902,2026-06-04,30,17
1903,2026-06-04,31,12
1904,2026-06-04,32,19
1905,2026-06-04,33,13
1906,2026-06-04,34,40
1907,2026-06-04,35,22
1908,2026-06-04,36,6
1909,2026-06-04,37,7
1910,2026-06-04,38,0
1911,2026-06-04,39,41
1912,2026-06-04,40,20
1913,2026-06-04,41,25
1914,2026-06-04,42,5
1915,2026-06-04,43,25
1916,2026-06-04,44,21
1917,2026-06-04,45,20
1918,2026-06-04,46,12
1919,2026-06-04,47,21
1920,2026-06-04,48,12
1921,2026-06-05,1,16
1922,2026-06-05,2,3
1923,2026-06-05,3,0
1924,2026-06-05,4,12
1925,2026-06-05,5,31
1926,2026-06-05,6,31
1927,2026-06-05,7,34
1928,2026-06-05,8,5
1929,2026-06-05,9,20
1930,2026-06-05,10,6
1931,2026-06-05,11,14
1932,2026-06-05,12,0
1933,2026-06-05,13,8
1934,2026-06-05,14,11
1935,2026-06-05,15,28
1936,2026-06-05,16,16
1937,2026-06-05,17,16
1938,2026-06-05,18,18
1939,2026-06-05,19,1
1940,2026-06-05,20,11
1941,2026-06-05,21,37
1942,2026-06-05,22,37
1943,2026-06-05,23,19
1944,2026-06-05,24,0
1945,2026-06-05,25,0
1946,2026-06-05,26,8
1947,2026-06-05,27,13
1948,2026-06-05,28,12
1949,2026-06-05,29,40
1950,2026-06-05,30,16
1951,2026-06-05,31,10
1952,2026-06-05,32,18
1953,2026-06-05,33,11
1954,2026-06-05,34,37
1955,2026-06-05,35,20
1956,2026-06-05,36,5
1957,2026-06-05,37,6
1958,2026-06-05,38,0
1959,2026-06-05,39,37
1960,2026-06-05,40,18
1961,2026-06-05,41,24
1962,2026-06-05,42,5
1963,2026-06-05,43,25
1964,2026-06-05,44,21
1965,2026-06-05,45,19
1966,2026-06-05,46,12
1967,2026-06-05,47,19
1968,2026-06-05,48,12
1969,2026-06-08,1,6
1970,2026-06-08,2,2
1971,2026-06-08,3,0
1972,2026-06-08,4,9
1973,2026-06-08,5,25
1974,2026-06-08,6,29
1975,2026-06-08,7,28
1976,2026-06-08,8,4
1977,2026-06-08,9,19
1978,2026-06-08,10,6
1979,2026-06-08,11,11
1980,2026-06-08,12,0
1981,2026-06-08,13,5
1982,2026-06-08,14,9
1983,2026-06-08,15,22
1984,2026-06-08,16,11
1985,2026-06-08,17,16
1986,2026-06-08,18,13
1987,2026-06-08,19,0
1988,2026-06-08,20,9
1989,2026-06-08,21,27
1990,2026-06-08,22,35
1991,2026-06-08,23,12
1992,2026-06-08,24,0
1993,2026-06-08,25,0
1994,2026-06-08,26,2
1995,2026-06-08,27,13
1996,2026-06-08,28,10
1997,2026-06-08,29,30
1998,2026-06-08,30,8
1999,2026-06-08,31,6
2000,2026-06-08,32,16
2001,2026-06-08,33,10
2002,2026-06-08,34,33
2003,2026-06-08,35,12
2004,2026-06-08,36,4
2005,2026-06-08,37,1
2006,2026-06-08,38,0
2007,2026-06-08,39,32
2008,2026-06-08,40,16
2009,2026-06-08,41,19
2010,2026-06-08,42,4
2011,2026-06-08,43,23
2012,2026-06-08,44,20
2013,2026-06-08,45,16
2014,2026-06-08,46,9
2015,2026-06-08,47,18
2016,2026-06-08,48,7
2017,2026-06-09,1,2
2018,2026-06-09,2,0
2019,2026-06-09,3,0
2020,2026-06-09,4,8
2021,2026-06-09,5,18
2022,2026-06-09,6,24
2023,2026-06-09,7,22
2024,2026-06-09,8,3
2025,2026-06-09,9,19
2026,2026-06-09,10,6
2027,2026-06-09,11,11
2028,2026-06-09,12,0
2029,2026-06-09,13,3
2030,2026-06-09,14,8
2031,2026-06-09,15,15
2032,2026-06-09,16,11
2033,2026-06-09,17,16
2034,2026-06-09,18,12
2035,2026-06-09,19,0
2036,2026-06-09,20,7
2037,2026-06-09,21,23
2038,2026-06-09,22,33
2039,2026-06-09,23,11
2040,2026-06-09,24,0
2041,2026-06-09,25,0
2042,2026-06-09,26,0
2043,2026-06-09,27,10
2044,2026-06-09,28,8
2045,2026-06-09,29,24
2046,2026-06-09,30,1
2047,2026-06-09,31,5
2048,2026-06-09,32,14
2049,2026-06-09,33,10
2050,2026-06-09,34,27
2051,2026-06-09,35,9
2052,2026-06-09,36,2
2053,2026-06-09,37,0
2054,2026-06-09,38,0
2055,2026-06-09,39,26
2056,2026-06-09,40,14
2057,2026-06-09,41,17
2058,2026-06-09,42,3
2059,2026-06-09,43,23
2060,2026-06-09,44,19
2061,2026-06-09,45,15
2062,2026-06-09,46,9
2063,2026-06-09,47,15
2064,2026-06-09,48,7
2065,2026-06-10,1,2
2066,2026-06-10,2,0
2067,2026-06-10,3,0
2068,2026-06-10,4,7
2069,2026-06-10,5,15
2070,2026-06-10,6,24
2071,2026-06-10,7,20
2072,2026-06-10,8,3
2073,2026-06-10,9,19
2074,2026-06-10,10,6
2075,2026-06-10,11,11
2076,2026-06-10,12,0
2077,2026-06-10,13,3
2078,2026-06-10,14,7
2079,2026-06-10,15,11
2080,2026-06-10,16,11
2081,2026-06-10,17,14
2082,2026-06-10,18,12
2083,2026-06-10,19,0
2084,2026-06-10,20,7
2085,2026-06-10,21,21
2086,2026-06-10,22,27
2087,2026-06-10,23,9
2088,2026-06-10,24,0
2089,2026-06-10,25,0
2090,2026-06-10,26,0
2091,2026-06-10,27,10
2092,2026-06-10,28,8
2093,2026-06-10,29,19
2094,2026-06-10,30,0
2095,2026-06-10,31,4
2096,2026-06-10,32,13
2097,2026-06-10,33,10
2098,2026-06-10,34,23
2099,2026-06-10,35,8
2100,2026-06-10,36,1
2101,2026-06-10,37,0
2102,2026-06-10,38,0
2103,2026-06-10,39,19
2104,2026-06-10,40,12
2105,2026-06-10,41,14
2106,2026-06-10,42,3
2107,2026-06-10,43,23
2108,2026-06-10,44,19
2109,2026-06-10,45,15
2110,2026-06-10,46,9
2111,2026-06-10,47,14
2112,2026-06-10,48,6
2113,2026-06-11,1,0
2114,2026-06-11,2,0
2115,2026-06-11,3,0
2116,2026-06-11,4,2
2117,2026-06-11,5,5
2118,2026-06-11,6,21
2119,2026-06-11,7,15
2120,2026-06-11,8,3
2121,2026-06-11,9,19
2122,2026-06-11,10,4
2123,2026-06-11,11,9
2124,2026-06-11,12,0
2125,2026-06-11,13,3
2126,2026-06-11,14,6
2127,2026-06-11,15,8
2128,2026-06-11,16,11
2129,2026-06-11,17,12
2130,2026-06-11,18,7
2131,2026-06-11,19,0
2132,2026-06-11,20,7
2133,2026-06-11,21,16
2134,2026-06-11,22,23
2135,2026-06-11,23,8
2136,2026-06-11,24,0
2137,2026-06-11,25,0
2138,2026-06-11,26,0
2139,2026-06-11,27,8
2140,2026-06-11,28,8
2141,2026-06-11,29,14
2142,2026-06-11,30,0
2143,2026-06-11,31,0
2144,2026-06-11,32,13
2145,2026-06-11,33,10
2146,2026-06-11,34,20
2147,2026-06-11,35,6
2148,2026-06-11,36,1
2149,2026-06-11,37,0
2150,2026-06-11,38,0
2151,2026-06-11,39,14
2152,2026-06-11,40,8
2153,2026-06-11,41,11
2154,2026-06-11,42,1
2155,2026-06-11,43,23
2156,2026-06-11,44,19
2157,2026-06-11,45,14
2158,2026-06-11,46,6
2159,2026-06-11,47,12
2160,2026-06-11,48,3
2161,2026-06-12,1,0
2162,2026-06-12,2,0
2163,2026-06-12,3,0
2164,2026-06-12,4,2
2165,2026-06-12,5,2
2166,2026-06-12,6,20
2167,2026-06-12,7,9
2168,2026-06-12,8,1
2169,2026-06-12,9,19
2170,2026-06-12,10,4
2171,2026-06-12,11,9
2172,2026-06-12,12,0
2173,2026-06-12,13,2
2174,2026-06-12,14,6
2175,2026-06-12,15,5
2176,2026-06-12,16,11
2177,2026-06-12,17,10
2178,2026-06-12,18,7
2179,2026-06-12,19,0
2180,2026-06-12,20,6
2181,2026-06-12,21,14
2182,2026-06-12,22,21
2183,2026-06-12,23,5
2184,2026-06-12,24,0
2185,2026-06-12,25,0
2186,2026-06-12,26,0
2187,2026-06-12,27,6
2188,2026-06-12,28,8
2189,2026-06-12,29,8
2190,2026-06-12,30,0
2191,2026-06-12,31,0
2192,2026-06-12,32,13
2193,2026-06-12,33,10
2194,2026-06-12,34,16
2195,2026-06-12,35,5
2196,2026-06-12,36,0
2197,2026-06-12,37,0
2198,2026-06-12,38,0
2199,2026-06-12,39,8
2200,2026-06-12,40,6
2201,2026-06-12,41,9
2202,2026-06-12,42,1
2203,2026-06-12,43,22
2204,2026-06-12,44,19
2205,2026-06-12,45,14
2206,2026-06-12,46,5
2207,2026-06-12,47,8
2208,2026-06-12,48,0
2209,2026-06-15,1,36
2210,2026-06-15,2,19
2211,2026-06-15,3,21
2212,2026-06-15,4,25
2213,2026-06-15,5,39
2214,2026-06-15,6,17
2215,2026-06-15,7,55
2216,2026-06-15,8,20
2217,2026-06-15,9,19
2218,2026-06-15,10,28
2219,2026-06-15,11,7
2220,2026-06-15,12,18
2221,2026-06-15,13,12
2222,2026-06-15,14,5
2223,2026-06-15,15,41
2224,2026-06-15,16,8
2225,2026-06-15,17,8
2226,2026-06-15,18,6
2227,2026-06-15,19,32
2228,2026-06-15,20,3
2229,2026-06-15,21,9
2230,2026-06-15,22,14
2231,2026-06-15,23,3
2232,2026-06-15,24,8
2233,2026-06-15,25,24
2234,2026-06-15,26,19
2235,2026-06-15,27,3
2236,2026-06-15,28,5
2237,2026-06-15,29,54
2238,2026-06-15,30,20
2239,2026-06-15,31,30
2240,2026-06-15,32,12
2241,2026-06-15,33,8
2242,2026-06-15,34,6
2243,2026-06-15,35,33
2244,2026-06-15,36,22
2245,2026-06-15,37,43
2246,2026-06-15,38,44
2247,2026-06-15,39,53
2248,2026-06-15,40,3
2249,2026-06-15,41,5
2250,2026-06-15,42,24
2251,2026-06-15,43,20
2252,2026-06-15,44,17
2253,2026-06-15,45,12
2254,2026-06-15,46,4
2255,2026-06-15,47,6
2256,2026-06-15,48,21
2257,2026-06-16,1,29
2258,2026-06-16,2,18
2259,2026-06-16,3,17
2260,2026-06-16,4,21
2261,2026-06-16,5,36
2262,2026-06-16,6,16
2263,2026-06-16,7,51
2264,2026-06-16,8,20
2265,2026-06-16,9,19
2266,2026-06-16,10,28
2267,2026-06-16,11,5
2268,2026-06-16,12,15
2269,2026-06-16,13,12
2270,2026-06-16,14,4
2271,2026-06-16,15,39
2272,2026-06-16,16,2
2273,2026-06-16,17,7
2274,2026-06-16,18,6
2275,2026-06-16,19,32
2276,2026-06-16,20,1
2277,2026-06-16,21,4
2278,2026-06-16,22,10
2279,2026-06-16,23,2
2280,2026-06-16,24,6
2281,2026-06-16,25,20
2282,2026-06-16,26,15
2283,2026-06-16,27,3
2284,2026-06-16,28,4
2285,2026-06-16,29,49
2286,2026-06-16,30,17
2287,2026-06-16,31,29
2288,2026-06-16,32,6
2289,2026-06-16,33,7
2290,2026-06-16,34,5
2291,2026-06-16,35,31
2292,2026-06-16,36,19
2293,2026-06-16,37,39
2294,2026-06-16,38,37
2295,2026-06-16,39,49
2296,2026-06-16,40,2
2297,2026-06-16,41,4
2298,2026-06-16,42,23
2299,2026-06-16,43,18
2300,2026-06-16,44,16
2301,2026-06-16,45,12
2302,2026-06-16,46,2
2303,2026-06-16,47,6
2304,2026-06-16,48,20
2305,2026-06-17,1,27
2306,2026-06-17,2,18
2307,2026-06-17,3,17
2308,2026-06-17,4,21
2309,2026-06-17,5,33
2310,2026-06-17,6,14
2311,2026-06-17,7,49
2312,2026-06-17,8,19
2313,2026-06-17,9,19
2314,2026-06-17,10,28
2315,2026-06-17,11,4
2316,2026-06-17,12,15
2317,2026-06-17,13,11
2318,2026-06-17,14,0
2319,2026-06-17,15,36
2320,2026-06-17,16,1
2321,2026-06-17,17,5
2322,2026-06-17,18,6
2323,2026-06-17,19,31
2324,2026-06-17,20,0
2325,2026-06-17,21,3
2326,2026-06-17,22,5
2327,2026-06-17,23,2
2328,2026-06-17,24,6
2329,2026-06-17,25,19
2330,2026-06-17,26,12
2331,2026-06-17,27,2
2332,2026-06-17,28,4
2333,2026-06-17,29,45
2334,2026-06-17,30,15
2335,2026-06-17,31,29
2336,2026-06-17,32,5
2337,2026-06-17,33,6
2338,2026-06-17,34,0
2339,2026-06-17,35,31
2340,2026-06-17,36,19
2341,2026-06-17,37,37
2342,2026-06-17,38,35
2343,2026-06-17,39,46
2344,2026-06-17,40,1
2345,2026-06-17,41,3
2346,2026-06-17,42,23
2347,2026-06-17,43,18
2348,2026-06-17,44,15
2349,2026-06-17,45,9
2350,2026-06-17,46,2
2351,2026-06-17,47,6
2352,2026-06-17,48,20
2353,2026-06-18,1,24
2354,2026-06-18,2,17
2355,2026-06-18,3,11
2356,2026-06-18,4,18
2357,2026-06-18,5,27
2358,2026-06-18,6,9
2359,2026-06-18,7,42
2360,2026-06-18,8,18
2361,2026-06-18,9,19
2362,2026-06-18,10,27
2363,2026-06-18,11,4
2364,2026-06-18,12,14
2365,2026-06-18,13,9
2366,2026-06-18,14,0
2367,2026-06-18,15,33
2368,2026-06-18,16,0
2369,2026-06-18,17,2
2370,2026-06-18,18,4
2371,2026-06-18,19,29
2372,2026-06-18,20,0
2373,2026-06-18,21,2
2374,2026-06-18,22,4
2375,2026-06-18,23,0
2376,2026-06-18,24,6
2377,2026-06-18,25,17
2378,2026-06-18,26,11
2379,2026-06-18,27,2
2380,2026-06-18,28,3
2381,2026-06-18,29,42
2382,2026-06-18,30,13
2383,2026-06-18,31,26
2384,2026-06-18,32,0
2385,2026-06-18,33,4
2386,2026-06-18,34,0
2387,2026-06-18,35,30
2388,2026-06-18,36,15
2389,2026-06-18,37,30
2390,2026-06-18,38,32
2391,2026-06-18,39,38
2392,2026-06-18,40,0
2393,2026-06-18,41,0
2394,2026-06-18,42,22
2395,2026-06-18,43,17
2396,2026-06-18,44,15
2397,2026-06-18,45,7
2398,2026-06-18,46,1
2399,2026-06-18,47,5
2400,2026-06-18,48,15
2401,2026-06-19,1,24
2402,2026-06-19,2,17
2403,2026-06-19,3,9
2404,2026-06-19,4,17
2405,2026-06-19,5,24
2406,2026-06-19,6,6
2407,2026-06-19,7,41
2408,2026-06-19,8,17
2409,2026-06-19,9,19
2410,2026-06-19,10,25
2411,2026-06-19,11,3
2412,2026-06-19,12,14
2413,2026-06-19,13,8
2414,2026-06-19,14,0
2415,2026-06-19,15,30
2416,2026-06-19,16,0
2417,2026-06-19,17,2
2418,2026-06-19,18,1
2419,2026-06-19,19,28
2420,2026-06-19,20,0
2421,2026-06-19,21,0
2422,2026-06-19,22,2
2423,2026-06-19,23,0
2424,2026-06-19,24,6
2425,2026-06-19,25,16
2426,2026-06-19,26,10
2427,2026-06-19,27,2
2428,2026-06-19,28,3
2429,2026-06-19,29,39
2430,2026-06-19,30,12
2431,2026-06-19,31,25
2432,2026-06-19,32,0
2433,2026-06-19,33,4
2434,2026-06-19,34,0
2435,2026-06-19,35,29
2436,2026-06-19,36,13
2437,2026-06-19,37,27
2438,2026-06-19,38,25
2439,2026-06-19,39,33
2440,2026-06-19,40,0
2441,2026-06-19,41,0
2442,2026-06-19,42,22
2443,2026-06-19,43,16
2444,2026-06-19,44,14
2445,2026-06-19,45,7
2446,2026-06-19,46,0
2447,2026-06-19,47,5
2448,2026-06-19,48,14
2449,2026-06-22,1,21
2450,2026-06-22,2,14
2451,2026-06-22,3,3
2452,2026-06-22,4,14
2453,2026-06-22,5,16
2454,2026-06-22,6,5
2455,2026-06-22,7,38
2456,2026-06-22,8,16
2457,2026-06-22,9,19
2458,2026-06-22,10,23
2459,2026-06-22,11,3
2460,2026-06-22,12,11
2461,2026-06-22,13,8
2462,2026-06-22,14,0
2463,2026-06-22,15,26
2464,2026-06-22,16,0
2465,2026-06-22,17,0
2466,2026-06-22,18,0
2467,2026-06-22,19,24
2468,2026-06-22,20,0
2469,2026-06-22,21,0
2470,2026-06-22,22,2
2471,2026-06-22,23,0
2472,2026-06-22,24,4
2473,2026-06-22,25,13
2474,2026-06-22,26,7
2475,2026-06-22,27,0
2476,2026-06-22,28,0
2477,2026-06-22,29,33
2478,2026-06-22,30,8
2479,2026-06-22,31,20
2480,2026-06-22,32,0
2481,2026-06-22,33,2
2482,2026-06-22,34,0
2483,2026-06-22,35,26
2484,2026-06-22,36,10
2485,2026-06-22,37,25
2486,2026-06-22,38,22
2487,2026-06-22,39,28
2488,2026-06-22,40,0
2489,2026-06-22,41,0
2490,2026-06-22,42,21
2491,2026-06-22,43,15
2492,2026-06-22,44,14
2493,2026-06-22,45,6
2494,2026-06-22,46,0
2495,2026-06-22,47,5
2496,2026-06-22,48,14
2497,2026-06-23,1,20
2498,2026-06-23,2,12
2499,2026-06-23,3,2
2500,2026-06-23,4,9
2501,2026-06-23,5,8
2502,2026-06-23,6,3
2503,2026-06-23,7,31
2504,2026-06-23,8,13
2505,2026-06-23,9,19
2506,2026-06-23,10,22
2507,2026-06-23,11,0
2508,2026-06-23,12,11
2509,2026-06-23,13,8
2510,2026-06-23,14,0
2511,2026-06-23,15,21
2512,2026-06-23,16,0
2513,2026-06-23,17,0
2514,2026-06-23,18,0
2515,2026-06-23,19,22
2516,2026-06-23,20,0
2517,2026-06-23,21,0
2518,2026-06-23,22,0
2519,2026-06-23,23,0
2520,2026-06-23,24,2
2521,2026-06-23,25,11
2522,2026-06-23,26,3
2523,2026-06-23,27,0
2524,2026-06-23,28,0
2525,2026-06-23,29,25
2526,2026-06-23,30,5
2527,2026-06-23,31,15
2528,2026-06-23,32,0
2529,2026-06-23,33,0
2530,2026-06-23,34,0
2531,2026-06-23,35,25
2532,2026-06-23,36,8
2533,2026-06-23,37,20
2534,2026-06-23,38,19
2535,2026-06-23,39,20
2536,2026-06-23,40,0
2537,2026-06-23,41,0
2538,2026-06-23,42,20
2539,2026-06-23,43,14
2540,2026-06-23,44,12
2541,2026-06-23,45,6
2542,2026-06-23,46,0
2543,2026-06-23,47,0
2544,2026-06-23,48,10
2545,2026-06-24,1,17
2546,2026-06-24,2,11
2547,2026-06-24,3,2
2548,2026-06-24,4,5
2549,2026-06-24,5,7
2550,2026-06-24,6,1
2551,2026-06-24,7,30
2552,2026-06-24,8,11
2553,2026-06-24,9,19
2554,2026-06-24,10,21
2555,2026-06-24,11,0
2556,2026-06-24,12,9
2557,2026-06-24,13,7
2558,2026-06-24,14,0
2559,2026-06-24,15,21
2560,2026-06-24,16,0
2561,2026-06-24,17,0
2562,2026-06-24,18,0
2563,2026-06-24,19,21
2564,2026-06-24,20,0
2565,2026-06-24,21,0
2566,2026-06-24,22,0
2567,2026-06-24,23,0
2568,2026-06-24,24,2
2569,2026-06-24,25,9
2570,2026-06-24,26,1
2571,2026-06-24,27,0
2572,2026-06-24,28,0
2573,2026-06-24,29,23
2574,2026-06-24,30,5
2575,2026-06-24,31,13
2576,2026-06-24,32,0
2577,2026-06-24,33,0
2578,2026-06-24,34,0
2579,2026-06-24,35,22
2580,2026-06-24,36,7
2581,2026-06-24,37,18
2582,2026-06-24,38,19
2583,2026-06-24,39,19
2584,2026-06-24,40,0
2585,2026-06-24,41,0
2586,2026-06-24,42,20
2587,2026-06-24,43,14
2588,2026-06-24,44,11
2589,2026-06-24,45,6
2590,2026-06-24,46,0
2591,2026-06-24,47,0
2592,2026-06-24,48,7
2593,2026-06-25,1,15
2594,2026-06-25,2,10
2595,2026-06-25,3,1
2596,2026-06-25,4,1
2597,2026-06-25,5,5
2598,2026-06-25,6,0
2599,2026-06-25,7,26
2600,2026-06-25,8,8
2601,2026-06-25,9,19
2602,2026-06-25,10,18
2603,2026-06-25,11,0
2604,2026-06-25,12,7
2605,2026-06-25,13,6
2606,2026-06-25,14,0
2607,2026-06-25,15,19
2608,2026-06-25,16,0
2609,2026-06-25,17,0
2610,2026-06-25,18,0
2611,2026-06-25,19,18
2612,2026-06-25,20,0
2613,2026-06-25,21,0
2614,2026-06-25,22,0
2615,2026-06-25,23,0
2616,2026-06-25,24,1
2617,2026-06-25,25,9
2618,2026-06-25,26,0
2619,2026-06-25,27,0
2620,2026-06-25,28,0
2621,2026-06-25,29,15
2622,2026-06-25,30,3
2623,2026-06-25,31,6
2624,2026-06-25,32,0
2625,2026-06-25,33,0
2626,2026-06-25,34,0
2627,2026-06-25,35,15
2628,2026-06-25,36,3
2629,2026-06-25,37,10
2630,2026-06-25,38,14
2631,2026-06-25,39,13
2632,2026-06-25,40,0
2633,2026-06-25,41,0
2634,2026-06-25,42,19
2635,2026-06-25,43,14
2636,2026-06-25,44,11
2637,2026-06-25,45,3
2638,2026-06-25,46,0
2639,2026-06-25,47,0
2640,2026-06-25,48,6
2641,2026-06-26,1,13
2642,2026-06-26,2,10
2643,2026-06-26,3,0
2644,2026-06-26,4,0
2645,2026-06-26,5,4
2646,2026-06-26,6,0
2647,2026-06-26,7,24
2648,2026-06-26,8,8
2649,2026-06-26,9,19
2650,2026-06-26,10,18
2651,2026-06-26,11,0
2652,2026-06-26,12,7
2653,2026-06-26,13,6
2654,2026-06-26,14,0
2655,2026-06-26,15,17
2656,2026-06-26,16,0
2657,2026-06-26,17,0
2658,2026-06-26,18,0
2659,2026-06-26,19,17
2660,2026-06-26,20,0
2661,2026-06-26,21,0
2662,2026-06-26,22,0
2663,2026-06-26,23,0
2664,2026-06-26,24,1
2665,2026-06-26,25,9
2666,2026-06-26,26,0
2667,2026-06-26,27,0
2668,2026-06-26,28,0
2669,2026-06-26,29,11
2670,2026-06-26,30,2
2671,2026-06-26,31,6
2672,2026-06-26,32,0
2673,2026-06-26,33,0
2674,2026-06-26,34,0
2675,2026-06-26,35,14
2676,2026-06-26,36,2
2677,2026-06-26,37,9
2678,2026-06-26,38,14
2679,2026-06-26,39,9
2680,2026-06-26,40,0
2681,2026-06-26,41,0
2682,2026-06-26,42,19
2683,2026-06-26,43,14
2684,2026-06-26,44,11
2685,2026-06-26,45,2
2686,2026-06-26,46,0
2687,2026-06-26,47,0
2688,2026-06-26,48,5
2689,2026-06-29,1,11
2690,2026-06-29,2,10
2691,2026-06-29,3,24
2692,2026-06-29,4,22
2693,2026-06-29,5,45
2694,2026-06-29,6,42
2695,2026-06-29,7,16
2696,2026-06-29,8,7
2697,2026-06-29,9,19
2698,2026-06-29,10,15
2699,2026-06-29,11,22
2700,2026-06-29,12,3
2701,2026-06-29,13,5
2702,2026-06-29,14,14
2703,2026-06-29,15,8
2704,2026-06-29,16,22
2705,2026-06-29,17,18
2706,2026-06-29,18,24
2707,2026-06-29,19,10
2708,2026-06-29,20,12
2709,2026-06-29,21,47
2710,2026-06-29,22,41
2711,2026-06-29,23,22
2712,2026-06-29,24,11
2713,2026-06-29,25,8
2714,2026-06-29,26,21
2715,2026-06-29,27,17
2716,2026-06-29,28,19
2717,2026-06-29,29,5
2718,2026-06-29,30,24
2719,2026-06-29,31,35
2720,2026-06-29,32,25
2721,2026-06-29,33,15
2722,2026-06-29,34,48
2723,2026-06-29,35,12
2724,2026-06-29,36,26
2725,2026-06-29,37,52
2726,2026-06-29,38,12
2727,2026-06-29,39,56
2728,2026-06-29,40,21
2729,2026-06-29,41,27
2730,2026-06-29,42,17
2731,2026-06-29,43,14
2732,2026-06-29,44,11
2733,2026-06-29,45,26
2734,2026-06-29,46,22
2735,2026-06-29,47,22
2736,2026-06-29,48,2
2737,2026-06-30,1,7
2738,2026-06-30,2,10
2739,2026-06-30,3,24
2740,2026-06-30,4,20
2741,2026-06-30,5,41
2742,2026-06-30,6,40
2743,2026-06-30,7,11
2744,2026-06-30,8,5
2745,2026-06-30,9,19
2746,2026-06-30,10,15
2747,2026-06-30,11,22
2748,2026-06-30,12,0
2749,2026-06-30,13,2
2750,2026-06-30,14,14
2751,2026-06-30,15,3
2752,2026-06-30,16,20
2753,2026-06-30,17,13
2754,2026-06-30,18,24
2755,2026-06-30,19,7
2756,2026-06-30,20,10
2757,2026-06-30,21,43
2758,2026-06-30,22,39
2759,2026-06-30,23,21
2760,2026-06-30,24,10
2761,2026-06-30,25,4
2762,2026-06-30,26,19
2763,2026-06-30,27,14
2764,2026-06-30,28,17
2765,2026-06-30,29,1
2766,2026-06-30,30,23
2767,2026-06-30,31,32
2768,2026-06-30,32,20
2769,2026-06-30,33,12
2770,2026-06-30,34,44
2771,2026-06-30,35,11
2772,2026-06-30,36,24
2773,2026-06-30,37,48
2774,2026-06-30,38,11
2775,2026-06-30,39,53
2776,2026-06-30,40,18
2777,2026-06-30,41,25
2778,2026-06-30,42,16
2779,2026-06-30,43,14
2780,2026-06-30,44,11
2781,2026-06-30,45,25
2782,2026-06-30,46,20
2783,2026-06-30,47,16
2784,2026-06-30,48,0
2785,2026-07-01,1,4
2786,2026-07-01,2,10
2787,2026-07-01,3,23
2788,2026-07-01,4,20
2789,2026-07-01,5,36
2790,2026-07-01,6,38
2791,2026-07-01,7,8
2792,2026-07-01,8,5
2793,2026-07-01,9,19
2794,2026-07-01,10,14
2795,2026-07-01,11,22
2796,2026-07-01,12,0
2797,2026-07-01,13,2
2798,2026-07-01,14,13
2799,2026-07-01,15,1
2800,2026-07-01,16,18
2801,2026-07-01,17,11
2802,2026-07-01,18,22
2803,2026-07-01,19,6
2804,2026-07-01,20,10
2805,2026-07-01,21,38
2806,2026-07-01,22,37
2807,2026-07-01,23,20
2808,2026-07-01,24,9
2809,2026-07-01,25,2
2810,2026-07-01,26,19
2811,2026-07-01,27,12
2812,2026-07-01,28,14
2813,2026-07-01,29,0
2814,2026-07-01,30,21
2815,2026-07-01,31,30
2816,2026-07-01,32,16
2817,2026-07-01,33,12
2818,2026-07-01,34,42
2819,2026-07-01,35,8
2820,2026-07-01,36,23
2821,2026-07-01,37,46
2822,2026-07-01,38,11
2823,2026-07-01,39,51
2824,2026-07-01,40,17
2825,2026-07-01,41,25
2826,2026-07-01,42,16
2827,2026-07-01,43,13
2828,2026-07-01,44,11
2829,2026-07-01,45,25
2830,2026-07-01,46,18
2831,2026-07-01,47,16
2832,2026-07-01,48,0
2833,2026-07-02,1,0
2834,2026-07-02,2,7
2835,2026-07-02,3,20
2836,2026-07-02,4,17
2837,2026-07-02,5,35
2838,2026-07-02,6,35
2839,2026-07-02,7,5
2840,2026-07-02,8,2
2841,2026-07-02,9,19
2842,2026-07-02,10,10
2843,2026-07-02,11,21
2844,2026-07-02,12,0
2845,2026-07-02,13,2
2846,2026-07-02,14,13
2847,2026-07-02,15,0
2848,2026-07-02,16,18
2849,2026-07-02,17,8
2850,2026-07-02,18,20
2851,2026-07-02,19,1
2852,2026-07-02,20,10
2853,2026-07-02,21,32
2854,2026-07-02,22,34
2855,2026-07-02,23,19
2856,2026-07-02,24,9
2857,2026-07-02,25,0
2858,2026-07-02,26,16
2859,2026-07-02,27,12
2860,2026-07-02,28,12
2861,2026-07-02,29,0
2862,2026-07-02,30,20
2863,2026-07-02,31,27
2864,2026-07-02,32,15
2865,2026-07-02,33,10
2866,2026-07-02,34,37
2867,2026-07-02,35,6
2868,2026-07-02,36,20
2869,2026-07-02,37,46
2870,2026-07-02,38,10
2871,2026-07-02,39,43
2872,2026-07-02,40,15
2873,2026-07-02,41,23
2874,2026-07-02,42,15
2875,2026-07-02,43,13
2876,2026-07-02,44,9
2877,2026-07-02,45,24
2878,2026-07-02,46,14
2879,2026-07-02,47,14
2880,2026-07-02,48,0
2881,2026-07-03,1,0
2882,2026-07-03,2,7
2883,2026-07-03,3,19
2884,2026-07-03,4,16
2885,2026-07-03,5,33
2886,2026-07-03,6,29
2887,2026-07-03,7,3
2888,2026-07-03,8,1
2889,2026-07-03,9,19
2890,2026-07-03,10,9
2891,2026-07-03,11,21
2892,2026-07-03,12,0
2893,2026-07-03,13,2
2894,2026-07-03,14,13
2895,2026-07-03,15,0
2896,2026-07-03,16,16
2897,2026-07-03,17,7
2898,2026-07-03,18,16
2899,2026-07-03,19,0
2900,2026-07-03,20,8
2901,2026-07-03,21,30
2902,2026-07-03,22,30
2903,2026-07-03,23,17
2904,2026-07-03,24,9
2905,2026-07-03,25,0
2906,2026-07-03,26,16
2907,2026-07-03,27,10
2908,2026-07-03,28,11
2909,2026-07-03,29,0
2910,2026-07-03,30,18
2911,2026-07-03,31,25
2912,2026-07-03,32,13
2913,2026-07-03,33,8
2914,2026-07-03,34,33
2915,2026-07-03,35,4
2916,2026-07-03,36,20
2917,2026-07-03,37,45
2918,2026-07-03,38,8
2919,2026-07-03,39,41
2920,2026-07-03,40,15
2921,2026-07-03,41,22
2922,2026-07-03,42,15
2923,2026-07-03,43,13
2924,2026-07-03,44,9
2925,2026-07-03,45,22
2926,2026-07-03,46,14
2927,2026-07-03,47,14
2928,2026-07-03,48,0
2929,2026-07-06,1,0
2930,2026-07-06,2,7
2931,2026-07-06,3,19
2932,2026-07-06,4,13
2933,2026-07-06,5,28
2934,2026-07-06,6,22
2935,2026-07-06,7,0
2936,2026-07-06,8,0
2937,2026-07-06,9,19
2938,2026-07-06,10,5
2939,2026-07-06,11,18
2940,2026-07-06,12,0
2941,2026-07-06,13,2
2942,2026-07-06,14,13
2943,2026-07-06,15,0
2944,2026-07-06,16,14
2945,2026-07-06,17,6
2946,2026-07-06,18,13
2947,2026-07-06,19,0
2948,2026-07-06,20,7
2949,2026-07-06,21,23
2950,2026-07-06,22,25
2951,2026-07-06,23,15
2952,2026-07-06,24,9
2953,2026-07-06,25,0
2954,2026-07-06,26,14
2955,2026-07-06,27,7
2956,2026-07-06,28,7
2957,2026-07-06,29,0
2958,2026-07-06,30,15
2959,2026-07-06,31,20
2960,2026-07-06,32,8
2961,2026-07-06,33,7
2962,2026-07-06,34,32
2963,2026-07-06,35,2
2964,2026-07-06,36,19
2965,2026-07-06,37,36
2966,2026-07-06,38,5
2967,2026-07-06,39,36
2968,2026-07-06,40,9
2969,2026-07-06,41,16
2970,2026-07-06,42,15
2971,2026-07-06,43,13
2972,2026-07-06,44,9
2973,2026-07-06,45,18
2974,2026-07-06,46,13
2975,2026-07-06,47,14
2976,2026-07-06,48,0
2977,2026-07-07,1,0
2978,2026-07-07,2,7
2979,2026-07-07,3,15
2980,2026-07-07,4,12
2981,2026-07-07,5,21
2982,2026-07-07,6,20
2983,2026-07-07,7,0
2984,2026-07-07,8,0
2985,2026-07-07,9,19
2986,2026-07-07,10,3
2987,2026-07-07,11,17
2988,2026-07-07,12,0
2989,2026-07-07,13,1
2990,2026-07-07,14,13
2991,2026-07-07,15,0
2992,2026-07-07,16,11
2993,2026-07-07,17,4
2994,2026-07-07,18,9
2995,2026-07-07,19,0
2996,2026-07-07,20,6
2997,2026-07-07,21,19
2998,2026-07-07,22,22
2999,2026-07-07,23,15
3000,2026-07-07,24,8
3001,2026-07-07,25,0
3002,2026-07-07,26,11
3003,2026-07-07,27,5
3004,2026-07-07,28,7
3005,2026-07-07,29,0
3006,2026-07-07,30,13
3007,2026-07-07,31,19
3008,2026-07-07,32,2
3009,2026-07-07,33,7
3010,2026-07-07,34,26
3011,2026-07-07,35,1
3012,2026-07-07,36,17
3013,2026-07-07,37,32
3014,2026-07-07,38,0
3015,2026-07-07,39,31
3016,2026-07-07,40,8
3017,2026-07-07,41,12
3018,2026-07-07,42,15
3019,2026-07-07,43,9
3020,2026-07-07,44,8
3021,2026-07-07,45,16
3022,2026-07-07,46,10
3023,2026-07-07,47,12
3024,2026-07-07,48,0
3025,2026-07-08,1,0
3026,2026-07-08,2,5
3027,2026-07-08,3,14
3028,2026-07-08,4,9
3029,2026-07-08,5,19
3030,2026-07-08,6,20
3031,2026-07-08,7,0
3032,2026-07-08,8,0
3033,2026-07-08,9,19
3034,2026-07-08,10,2
3035,2026-07-08,11,17
3036,2026-07-08,12,0
3037,2026-07-08,13,1
3038,2026-07-08,14,10
3039,2026-07-08,15,0
3040,2026-07-08,16,9
3041,2026-07-08,17,3
3042,2026-07-08,18,9
3043,2026-07-08,19,0
3044,2026-07-08,20,5
3045,2026-07-08,21,17
3046,2026-07-08,22,21
3047,2026-07-08,23,14
3048,2026-07-08,24,8
3049,2026-07-08,25,0
3050,2026-07-08,26,11
3051,2026-07-08,27,4
3052,2026-07-08,28,7
3053,2026-07-08,29,0
3054,2026-07-08,30,13
3055,2026-07-08,31,18
3056,2026-07-08,32,0
3057,2026-07-08,33,6
3058,2026-07-08,34,26
3059,2026-07-08,35,0
3060,2026-07-08,36,16
3061,2026-07-08,37,30
3062,2026-07-08,38,0
3063,2026-07-08,39,28
3064,2026-07-08,40,5
3065,2026-07-08,41,12
3066,2026-07-08,42,14
3067,2026-07-08,43,9
3068,2026-07-08,44,8
3069,2026-07-08,45,16
3070,2026-07-08,46,9
3071,2026-07-08,47,12
3072,2026-07-08,48,0
3073,2026-07-09,1,0
3074,2026-07-09,2,4
3075,2026-07-09,3,12
3076,2026-07-09,4,8
3077,2026-07-09,5,16
3078,2026-07-09,6,18
3079,2026-07-09,7,0
3080,2026-07-09,8,0
3081,2026-07-09,9,19
3082,2026-07-09,10,0
3083,2026-07-09,11,14
3084,2026-07-09,12,0
3085,2026-07-09,13,0
3086,2026-07-09,14,8
3087,2026-07-09,15,0
3088,2026-07-09,16,8
3089,2026-07-09,17,2
3090,2026-07-09,18,7
3091,2026-07-09,19,0
3092,2026-07-09,20,1
3093,2026-07-09,21,10
3094,2026-07-09,22,16
3095,2026-07-09,23,13
3096,2026-07-09,24,8
3097,2026-07-09,25,0
3098,2026-07-09,26,6
3099,2026-07-09,27,2
3100,2026-07-09,28,5
3101,2026-07-09,29,0
3102,2026-07-09,30,7
3103,2026-07-09,31,14
3104,2026-07-09,32,0
3105,2026-07-09,33,6
3106,2026-07-09,34,19
3107,2026-07-09,35,0
3108,2026-07-09,36,16
3109,2026-07-09,37,27
3110,2026-07-09,38,0
3111,2026-07-09,39,22
3112,2026-07-09,40,2
3113,2026-07-09,41,8
3114,2026-07-09,42,13
3115,2026-07-09,43,9
3116,2026-07-09,44,8
3117,2026-07-09,45,15
3118,2026-07-09,46,9
3119,2026-07-09,47,12
3120,2026-07-09,48,0
3121,2026-07-10,1,0
3122,2026-07-10,2,4
3123,2026-07-10,3,10
3124,2026-07-10,4,7
3125,2026-07-10,5,14
3126,2026-07-10,6,13
3127,2026-07-10,7,0
3128,2026-07-10,8,0
3129,2026-07-10,9,19
3130,2026-07-10,10,0
3131,2026-07-10,11,14
3132,2026-07-10,12,0
3133,2026-07-10,13,0
3134,2026-07-10,14,7
3135,2026-07-10,15,0
3136,2026-07-10,16,4
3137,2026-07-10,17,0
3138,2026-07-10,18,7
3139,2026-07-10,19,0
3140,2026-07-10,20,1
3141,2026-07-10,21,10
3142,2026-07-10,22,13
3143,2026-07-10,23,11
3144,2026-07-10,24,8
3145,2026-07-10,25,0
3146,2026-07-10,26,4
3147,2026-07-10,27,0
3148,2026-07-10,28,4
3149,2026-07-10,29,0
3150,2026-07-10,30,6
3151,2026-07-10,31,13
3152,2026-07-10,32,0
3153,2026-07-10,33,2
3154,2026-07-10,34,17
3155,2026-07-10,35,0
3156,2026-07-10,36,16
3157,2026-07-10,37,27
3158,2026-07-10,38,0
3159,2026-07-10,39,19
3160,2026-07-10,40,2
3161,2026-07-10,41,7
3162,2026-07-10,42,13
3163,2026-07-10,43,8
3164,2026-07-10,44,7
3165,2026-07-10,45,12
3166,2026-07-10,46,7
3167,2026-07-10,47,11
3168,2026-07-10,48,0
